Job Title,Company Name,Location,Job Type,Category,Salary,Post Date,Deadline,Job URL,Company Logo URL,Location Clean,Min Salary,Max Salary,Average Salary
Aviakassir,Owl Tourism,"Bakı, Fətəli Xan Xoyski 166B",Tam-ştat,Turizm və mehmanxana işi,700 - 800 AZN,14 aprel 2025,14 may 2025,https://www.hellojob.az/vakansiya/aviakassir-905115,https://www.hellojob.az/resized/companies/e2hmQk1WUuEKsS4vhFThvCzDDZPF9GQfZ5nJxzBA-120--resize.webp,Bakı,700.0,800.0,750.0
Satış mütəxəssisi,SCENTPRO MMC,Bakı,Tam-ştat,Digər,600 AZN,25 aprel 2025,25 may 2025,https://www.hellojob.az/vakansiya/satis-mutexessisi-1137743,https://www.hellojob.az/resized/companies/10ac3b2bfdd9471bebfa2059b645d7d2-120--resize.webp,Bakı,600.0,600.0,600.0
Mühafizəçi,"""Lion Security"" MMC","Bakı, Qaradağ Sahil qəsəbəsi",Tam-ştat,Mühafizə xidməti,500 AZN,25 aprel 2025,25 may 2025,https://www.hellojob.az/vakansiya/muhafizeci-1136801,Unknown,Bakı,500.0,500.0,500.0
Satış təmsilçisi,Emsan,Bakı,Tam-ştat,Satış üzrə mütəxəssis,400 - 1200 AZN,25 aprel 2025,25 may 2025,https://www.hellojob.az/vakansiya/satis-temsilcisi-1136040,https://www.hellojob.az/resized/companies/6a12599fea40b59711160fd606afea09-120--resize.webp,Bakı,400.0,1200.0,800.0
Qeydiyyatçı,EDUGrata Təhsil Mərkəzi,"Bakı, Ünvan: ▪️Ramana filialı üçün adress: Ramana qəsəbəsi, Akasiya şadlıq sarayının yanı  ▪️Onlayn şöbə və Nərimanov filialı üçün adress: Nərimanov filialı - Nərimanov metrosu, Qədir Xum restoranın yanı, Nazim Hacıyev 36.",Tam-ştat,Xüsusi təhsil/ Təlim,Razılaşma ilə,25 aprel 2025,25 may 2025,https://www.hellojob.az/vakansiya/qeydiyyatci-1135279,https://www.hellojob.az/resized/companies/7986870344ee9df117a7f1606eb48760-120--resize.webp,Bakı,Unknown,Unknown,Unknown
İşə qəbul üzrə mütəxəssis,ABV,Bakı,Təcrübəçi,İnsan resursları,Razılaşma ilə,25 aprel 2025,25 may 2025,https://www.hellojob.az/vakansiya/ise-qebul-uzre-mutexessis-1134328,https://www.hellojob.az/resized/companies/32438928ab8d861f4166a8371bb6a077-120--resize.webp,Bakı,Unknown,Unknown,Unknown
Kosmetik-estetist,Empire by Asthetik Lab,"Bakı, Rövşən Əliyev 19 (Xətai m\s )",Tam-ştat,Tibbi personal,600 - 700 AZN,25 aprel 2025,25 may 2025,https://www.hellojob.az/vakansiya/kosmetoloq-1133566,Unknown,Bakı,600.0,700.0,650.0
SPA operator,Premium Park Otel,"Bakı, Nəsimi rayonu,Kövkəb xanım Səfərəliyeva 26",Tam-ştat,Menecer,800 AZN,25 aprel 2025,25 may 2025,https://www.hellojob.az/vakansiya/spa-operator-1134137,Unknown,Bakı,800.0,800.0,800.0
Satış məsləhətçisi,Trend İmpuls,Bakı,Tam-ştat,Rəqəmsal marketinq,500 - 2000 AZN,25 aprel 2025,25 may 2025,https://www.hellojob.az/vakansiya/satis-meslehetcisi-1132803,https://www.hellojob.az/resized/companies/959cdac26e46301e04b14975da257d8d-120--resize.webp,Bakı,500.0,2000.0,1250.0
Direktor assistenti,"""Uğur R Nəqliyyat"" MMC","Xırdalan, Xırdalan şəhəri H.Z.Tağıyev 13",Tam-ştat,Ofis menecmenti,Razılaşma ilə,25 aprel 2025,25 may 2025,https://www.hellojob.az/vakansiya/direktor-assistenti-1131275,Unknown,Xırdalan,Unknown,Unknown,Unknown
Sürücü,"""Sahil Transport"" MMC","Bakı, Bakı şəhəri,Qaradağ rayonu",Tam-ştat,Digər,1500 - 2000 AZN,25 aprel 2025,25 may 2025,https://www.hellojob.az/vakansiya/surucu-1129546,Unknown,Bakı,1500.0,2000.0,1750.0
Sürücü (Tent-tır),"""Sahil Transport"" MMC","Bakı, Bakı şəhəri,Qaradağ rayonu",Tam-ştat,Digər,1500 - 3000 AZN,25 aprel 2025,25 may 2025,https://www.hellojob.az/vakansiya/surucu-1129349,Unknown,Bakı,1500.0,3000.0,2250.0
Qrafik Dizayner,Qavo,"Bakı, Nəriman Nərimanov",Tam-ştat,Qrafik dizayn,Razılaşma ilə,24 aprel 2025,24 may 2025,https://www.hellojob.az/vakansiya/qrafik-dizayner-1113658,https://www.hellojob.az/resized/companies/GXVMSIPyohw64aKh3VQWBHpV0NfmtjLycKkqs7Dw-120--resize.webp,Bakı,Unknown,Unknown,Unknown
Leader of Tech Loyalty Platform Tribe,Kapital Bank,Bakı,Tam-ştat,Digər,Razılaşma ilə,24 aprel 2025,24 iyun 2025,https://www.hellojob.az/vakansiya/leader-of-tech-loyalty-platform-tribe-4610,https://www.hellojob.az/storage/companies/0b19d066c7eb9fa635850615d2e16921.svg,Bakı,Unknown,Unknown,Unknown
Satış təmsilçisi,Zeta Group (Ted Baker),"Bakı, Vurgun Residence",Tam-ştat,Digər,500 - 600 AZN,24 aprel 2025,24 may 2025,https://www.hellojob.az/vakansiya/satis-temsilcisi-1111109,https://www.hellojob.az/resized/companies/8a1f902852e4197991b86ee9f43e0df1-120--resize.webp,Bakı,500.0,600.0,550.0
SDET üzrə Java Təlimçi,CAPS Academy,Bakı,Tam-ştat,İT mütəxəssisi / məsləhətçi,Razılaşma ilə,24 aprel 2025,24 may 2025,https://www.hellojob.az/vakansiya/sdet-uzre-java-telimci,https://www.hellojob.az/resized/companies/eN7TpSCEKmi2QGihoESXsKLmiPFpvuUjTN3kqpLU-120--resize.webp,Bakı,Unknown,Unknown,Unknown
Satış məsləhətçisi,Zeta Group,"Bakı, Vurgun Residence",Tam-ştat,Digər,500 - 600 AZN,24 aprel 2025,24 may 2025,https://www.hellojob.az/vakansiya/satis-meslehetcisi-1108359,https://www.hellojob.az/resized/companies/a77b509ec46f32a313366f4e127f7e36-120--resize.webp,Bakı,500.0,600.0,550.0
Texnik-fəhlə,INEX MEDİCAL,"Bakı, Çapayev",Tam-ştat,Digər,600 AZN,24 aprel 2025,24 may 2025,https://www.hellojob.az/vakansiya/texnik-fehle-1105363,Unknown,Bakı,600.0,600.0,600.0
Brend Menecer,INEX MEDİCAL,"Bakı, Çapayev",Tam-ştat,Digər,800 AZN,24 aprel 2025,24 may 2025,https://www.hellojob.az/vakansiya/brend-menecer,Unknown,Bakı,800.0,800.0,800.0
Müxbir,INEX MEDİCAL,"Bakı, Çapayev",Tam-ştat,Digər,1000 AZN,24 aprel 2025,24 may 2025,https://www.hellojob.az/vakansiya/muxbir-1104761,Unknown,Bakı,1000.0,1000.0,1000.0
Sosial Media Marketinq (SMM) mütəxəssisi,Saat Store,"Bakı, Nizami 92",Tam-ştat,Marketinq menecment,500 - 800 AZN,24 aprel 2025,24 may 2025,https://www.hellojob.az/vakansiya/sosial-media-marketinq-smm-mutexessisi-1104560,https://www.hellojob.az/resized/companies/b57a7989e568e94c80bea09bd345cf90-120--resize.webp,Bakı,500.0,800.0,650.0
Mühasib,AGROVITA MMC,"Bakı, Xəzər rayonu, Binə qəsəbəsi",Tam-ştat,Mühasibat,800 AZN,24 aprel 2025,24 may 2025,https://www.hellojob.az/vakansiya/muhasib-1103765,https://www.hellojob.az/resized/companies/02cb8fd277ae525b92759b046418a5d5-120--resize.webp,Bakı,800.0,800.0,800.0
Optika üzrə mütəxəssis,"""AzəriMed"" QSC","Bakı, Baku, Azərbaycan",Tam-ştat,Tibb təmsilçisi,450 - 600 AZN,24 aprel 2025,24 may 2025,https://www.hellojob.az/vakansiya/optika-uzre-mutexessis-1102570,https://www.hellojob.az/resized/companies/KkVZV0CBn26Yi4brfuBg9ixjm8kOa1jGwQSbLhJF-120--resize.webp,Bakı,450.0,600.0,525.0
Satış təmsilçisi,"""ATAPACK""MMC","Bakı, Balaxanı Sənaye Parkı",Tam-ştat,Digər,Razılaşma ilə,24 aprel 2025,24 may 2025,https://www.hellojob.az/vakansiya/satis-temsilcisi-1102369,Unknown,Bakı,Unknown,Unknown,Unknown
Xadimə,MAYA UŞAQ BAĞÇASI,"Bakı, Hesen eliyev Tiblisi prospekti",Tam-ştat,Digər,300 - 400 AZN,24 aprel 2025,24 may 2025,https://www.hellojob.az/vakansiya/xadime-1101583,Unknown,Bakı,300.0,400.0,350.0
Bağça müəllimi,MAYA UŞAQ BAĞÇASI,"Bakı, Neftçilər Start idman kompleksi ile uzbe uz Elşen Seferov küçesi",Tam-ştat,Digər,350 - 450 AZN,24 aprel 2025,24 may 2025,https://www.hellojob.az/vakansiya/bagca-muellimi-1101386,Unknown,Bakı,350.0,450.0,400.0
Reservation Manager,Caspian Charm,"Bakı, Yusifbey Ibrahimli 16",Tam-ştat,Turizm və mehmanxana işi,Razılaşma ilə,23 aprel 2025,24 may 2025,https://www.hellojob.az/vakansiya/reservation-manager,https://www.hellojob.az/resized/companies/1cc254fefb15925f3fa76d6883969367-120--resize.webp,Bakı,Unknown,Unknown,Unknown
Funksional Sahə Lideri,Ak Vent GROUP MMC,"Bakı, Binəqədi rayonu, Azadlıq metrosunun yaxınlığı, 7 MKR, keçid 1260",Tam-ştat,Tikinti,700 - 1000 AZN,23 aprel 2025,24 may 2025,https://www.hellojob.az/vakansiya/funksional-sahe-lideri-1088189,https://www.hellojob.az/resized/companies/e8bc2a30695c017e80e91e39166d385d-120--resize.webp,Bakı,700.0,1000.0,850.0
Biznes Analitik,Kapital Bank,"Bakı, Mərkəz filialı, Baku, Azerbaijan",Tam-ştat,Maliyyə analiz,Razılaşma ilə,24 aprel 2025,15 may 2025,https://www.hellojob.az/vakansiya/biznes-analitik-3996,https://www.hellojob.az/storage/companies/0b19d066c7eb9fa635850615d2e16921.svg,Bakı,Unknown,Unknown,Unknown
Mikrokreditlər bölməsinin kiçik mütəxəssisi/mütəxəssisi / Ağcabədi filialı,Kapital Bank,"Ağcabədi, Ağcabədi rayon filialı, Аğcаbədi şəhəri, F.Əlizаdə küçəsi 5",Tam-ştat,Kredit mütəxəssisi,Razılaşma ilə,24 aprel 2025,08 may 2025,https://www.hellojob.az/vakansiya/mikrokreditler-bolmesinin-kicik-mutexessisi-mutexessisi-agcabedi-filiali-4608,https://www.hellojob.az/storage/companies/0b19d066c7eb9fa635850615d2e16921.svg,Ağcabədi,Unknown,Unknown,Unknown
Nəzarət departamentinin Xarici Nəzarət şöbəsinin mütəxəssisi,Kapital Bank,Bakı,Tam-ştat,Digər,Razılaşma ilə,24 aprel 2025,08 may 2025,https://www.hellojob.az/vakansiya/nezaret-departamentinin-xarici-nezaret-sobesinin-mutexessisi-4035,https://www.hellojob.az/storage/companies/0b19d066c7eb9fa635850615d2e16921.svg,Bakı,Unknown,Unknown,Unknown
Nəzarət departamentinin Biznes kreditlərinin monitorinqi şöbəsinin mütəxəssisi,Kapital Bank,Bakı,Tam-ştat,Digər,Razılaşma ilə,24 aprel 2025,08 may 2025,https://www.hellojob.az/vakansiya/nezaret-departamentinin-biznes-kreditlerinin-monitorinqi-sobesinin-mutexessisi-4443,https://www.hellojob.az/storage/companies/0b19d066c7eb9fa635850615d2e16921.svg,Bakı,Unknown,Unknown,Unknown
Pərakəndə kart biznesi sahəsinə baş məhsul sahibi,ABB,Bakı,Tam-ştat,Marketinq menecment,Razılaşma ilə,24 aprel 2025,24 may 2025,https://www.hellojob.az/vakansiya/perakende-kart-biznesi-sahesine-bas-mehsul-sahibi-3808,https://www.hellojob.az/storage/companies/f5f3fde6d69bd4ae0e41a621906aced2.svg,Bakı,Unknown,Unknown,Unknown
Satış mütəxəssisi,Wraym,"Bakı, N.Nərimanov ray, Əliyar Əliyev küç. 206 (Azinko yaşayış kompleksinin yanı, N.Nərimanov metrosu yaxınlığı)",Tam-ştat,Satış üzrə mütəxəssis,600 - 1500 AZN,31 mart 2025,30 aprel 2025,https://www.hellojob.az/vakansiya/satis-mutexessisi-904962,https://www.hellojob.az/resized/companies/c6aef7ad7fd65e93e947028bdc3f04ac-120--resize.webp,Bakı,600.0,1500.0,1050.0
Kassir,PADISAH RESTORAN,"Bakı, GƏNCLİK MS",Tam-ştat,Restoran işi,700 - 750 AZN,23 aprel 2025,23 may 2025,https://www.hellojob.az/vakansiya/kassir-1084308,Unknown,Bakı,700.0,750.0,725.0
Barista,PADISAH RESTORAN,"Bakı, GƏNCLİK MS",Tam-ştat,Restoran işi,600 - 750 AZN,23 aprel 2025,23 may 2025,https://www.hellojob.az/vakansiya/barista-1083919,Unknown,Bakı,600.0,750.0,675.0
Ofisiant,PADISAH RESTORAN,"Bakı, Elmlər(m.s)",Tam-ştat,Restoran işi,500 - 600 AZN,23 aprel 2025,23 may 2025,https://www.hellojob.az/vakansiya/ofisiant-1083918,Unknown,Bakı,500.0,600.0,550.0
Qrafik Dizayner,N-ADVERT  MMC,Bakı,Tam-ştat,Qrafik dizayn,600 - 900 AZN,23 aprel 2025,23 may 2025,https://www.hellojob.az/vakansiya/qrafik-dizayner-1081366,Unknown,Bakı,600.0,900.0,750.0
Operation Manager,Caspian Charm,"Bakı, Yusifbey Ibrahimli 16",Tam-ştat,Turizm və mehmanxana işi,Razılaşma ilə,23 aprel 2025,23 may 2025,https://www.hellojob.az/vakansiya/operation-manager-1081566,https://www.hellojob.az/resized/companies/1cc254fefb15925f3fa76d6883969367-120--resize.webp,Bakı,Unknown,Unknown,Unknown
Sosial Media Marketinq (SMM) mütəxəssisi,Wutto fashion,"Bakı, Sədərək Ticarət mərkəzi",Tam-ştat,Satış üzrə mütəxəssis,600 AZN,23 aprel 2025,23 may 2025,https://www.hellojob.az/vakansiya/sosial-media-marketinq-smm-mutexessisi-1081567,https://www.hellojob.az/resized/companies/9fd209fafad41d0a3d6f81833ca3c111-120--resize.webp,Bakı,600.0,600.0,600.0
Reklam ustası,N-ADVERT  MMC,Bakı,Tam-ştat,Digər,600 - 1000 AZN,23 aprel 2025,23 may 2025,https://www.hellojob.az/vakansiya/reklam-ustasi-1081568,Unknown,Bakı,600.0,1000.0,800.0
Anbardar,AGROVITA MMC,"Bakı, Xəzər rayonu, Binə qəsəbəsi",Tam-ştat,Digər,500 AZN,23 aprel 2025,23 may 2025,https://www.hellojob.az/vakansiya/anbardar-1081966,https://www.hellojob.az/resized/companies/02cb8fd277ae525b92759b046418a5d5-120--resize.webp,Bakı,500.0,500.0,500.0
Reklam ustası köməkçisi,N-ADVERT  MMC,Bakı,Tam-ştat,Digər,350 - 500 AZN,23 aprel 2025,23 may 2025,https://www.hellojob.az/vakansiya/reklam-ustasi-komekcisi,Unknown,Bakı,350.0,500.0,425.0
Ofisiant,United Coffee Beans,"Bakı, United Coffee Beans White City, Ağ şəhər, Yaşıl Ada 2",Tam-ştat,Ofisiant,450 - 500 AZN,23 aprel 2025,23 may 2025,https://www.hellojob.az/vakansiya/ofisiant-1082165,Unknown,Bakı,450.0,500.0,475.0
Ofisiant,Lux İnternational Hospital,"Bakı, 146A Faig Yusifov,",Tam-ştat,Restoran işi,500 AZN,23 aprel 2025,23 may 2025,https://www.hellojob.az/vakansiya/ofisiant-1082166,Unknown,Bakı,500.0,500.0,500.0
Reception,GOLD MMC,"Bakı, Neftçilər m/st yaxınlığı",Tam-ştat,Digər,400 - 500 AZN,23 aprel 2025,23 may 2025,https://www.hellojob.az/vakansiya/reception-1082559,Unknown,Bakı,400.0,500.0,450.0
Çapçı - Operator,N-ADVERT  MMC,Bakı,Tam-ştat,Digər,500 - 800 AZN,23 aprel 2025,23 may 2025,https://www.hellojob.az/vakansiya/capci-operator,Unknown,Bakı,500.0,800.0,650.0
ERP Sistem administratoru,MEGA Reklam MMC,"Bakı, Bakı şəhəri Binəqədi rayonu Biləcəri qəs. Məmmədoglular servisin yaxınlığı.",Tam-ştat,Sistem idarəetməsi,600 - 800 AZN,23 aprel 2025,23 may 2025,https://www.hellojob.az/vakansiya/erp-sistem-administratoru,Unknown,Bakı,600.0,800.0,700.0
Incoming manager,Caspian Charm,"Bakı, Yusifbey Ibrahimli 16",Tam-ştat,Turizm və mehmanxana işi,Razılaşma ilə,23 aprel 2025,23 may 2025,https://www.hellojob.az/vakansiya/incoming-manager-1080568,https://www.hellojob.az/resized/companies/1cc254fefb15925f3fa76d6883969367-120--resize.webp,Bakı,Unknown,Unknown,Unknown
Middle/Senior Manual QA Engineer,Afea Group,Bakı,Tam-ştat,Digər,Razılaşma ilə,23 aprel 2025,23 may 2025,https://www.hellojob.az/vakansiya/middlesenior-manual-qa-engineer,https://www.hellojob.az/resized/companies/c03ef9673cb34ec0fba1e042360637e4-120--resize.webp,Bakı,Unknown,Unknown,Unknown
Manual QA Intern,Afea Group,Bakı,Təcrübəçi,Digər,400 AZN,23 aprel 2025,23 may 2025,https://www.hellojob.az/vakansiya/manual-qa-intern,https://www.hellojob.az/resized/companies/c03ef9673cb34ec0fba1e042360637e4-120--resize.webp,Bakı,400.0,400.0,400.0
Xaricdə təhsil üzrə mütəxəssis,Beststudy MMC,"Bakı, Məmməd Araz 43",Tam-ştat,Digər,600 - 1000 AZN,23 aprel 2025,23 may 2025,https://www.hellojob.az/vakansiya/xaricde-tehsil-uzre-mutexessis-1074243,Unknown,Bakı,600.0,1000.0,800.0
Sənədləşmə üzrə mütəxəssis,Global Group MMC,"Bakı, Gənclik m.",Tam-ştat,Ofis menecmenti,600 AZN,23 aprel 2025,23 may 2025,https://www.hellojob.az/vakansiya/senedlesme-uzre-mutexessis-1074648,Unknown,Bakı,600.0,600.0,600.0
Xadimə,BAKU PILATES MMC,"Bakı, Nəsimi rayonu Abbas Səhhət 67C",Tam-ştat,Xadimə,450 - 500 AZN,23 aprel 2025,23 may 2025,https://www.hellojob.az/vakansiya/xadime-1075463,Unknown,Bakı,450.0,500.0,475.0
Satış məsləhətçisi,Bonamed,"Bakı, Bakıxanov küçəsi 18",Tam-ştat,Satış üzrə mütəxəssis,600 AZN,23 aprel 2025,23 may 2025,https://www.hellojob.az/vakansiya/satis-meslehetcisi-1075464,Unknown,Bakı,600.0,600.0,600.0
Resepşn,BAKU PILATES MMC,"Bakı, Nəsimi rayonu Abbas Səhhət 67C",Tam-ştat,Katibə / Resepşn,450 - 500 AZN,23 aprel 2025,23 may 2025,https://www.hellojob.az/vakansiya/resepsn-1075669,Unknown,Bakı,450.0,500.0,475.0
Məlumat mərkəzi üzrə kiçik mütəxəssis,ABB,Bakı,Tam-ştat,Operator,Razılaşma ilə,23 aprel 2025,23 may 2025,https://www.hellojob.az/vakansiya/melumat-merkezi-uzre-kicik-mutexessis-3801,https://www.hellojob.az/storage/companies/f5f3fde6d69bd4ae0e41a621906aced2.svg,Bakı,Unknown,Unknown,Unknown
Texnologiya və arxitektura sahəsinə back-end üzrə baş proqramçı,ABB,Bakı,Tam-ştat,Proqramlaşdırma,Razılaşma ilə,23 aprel 2025,23 may 2025,https://www.hellojob.az/vakansiya/texnologiya-ve-arxitektura-sahesine-back-end-uzre-bas-proqramci-3800,https://www.hellojob.az/storage/companies/f5f3fde6d69bd4ae0e41a621906aced2.svg,Bakı,Unknown,Unknown,Unknown
Mobiloqraf,Pakhlava Boutique,"Bakı, NizamiⓂ️:Murtuza Muxtarov 188",Tam-ştat,Digər,600 AZN,22 aprel 2025,22 may 2025,https://www.hellojob.az/vakansiya/mobiloqraf-1052082,https://www.hellojob.az/resized/companies/b49b3dda3007f8b16c6c585c23af763c-120--resize.webp,Bakı,600.0,600.0,600.0
Mobiloqraf/Reelsmaker,British Academy,Bakı,Yarım-ştat,Digər,250 - 300 AZN,22 aprel 2025,22 may 2025,https://www.hellojob.az/vakansiya/mobiloqrafreelsmaker,Unknown,Bakı,250.0,300.0,275.0
React developer,Nanolink MMC,"Bakı, Çinar park",Tam-ştat,Proqramlaşdırma,Razılaşma ilə,22 aprel 2025,22 may 2025,https://www.hellojob.az/vakansiya/react-developer-1049445,https://www.hellojob.az/resized/companies/S8vq01oSQ58hVEACJLqxadjIcbxYyf7yaDmDSsHs-120--resize.webp,Bakı,Unknown,Unknown,Unknown
Usta üçün köməkçilər,Ak Vent GROUP MMC,"Bakı, Binəqədi rayonu, Azadlıq metrosunun yaxınlığı, 7 MKR, keçid 1260",Tam-ştat,Tikinti,600 - 1500 AZN,21 aprel 2025,22 may 2025,https://www.hellojob.az/vakansiya/usta-ucun-komekciler,https://www.hellojob.az/resized/companies/e8bc2a30695c017e80e91e39166d385d-120--resize.webp,Bakı,600.0,1500.0,1050.0
Gömrük işləri üzrə mütəxəssis,FCC MMC,"Bakı, Nərimanov r , Kral  Hüseyn 64B",Tam-ştat,Digər,600 AZN,22 aprel 2025,22 may 2025,https://www.hellojob.az/vakansiya/gomruk-isleri-uzre-mutexessis-1045179,https://www.hellojob.az/resized/companies/ba4ee53492ac79a33b59ef96dbb643f4-120--resize.webp,Bakı,600.0,600.0,600.0
Data sahəsinin data mühəndisi,ABB,Bakı,Tam-ştat,Digər,Razılaşma ilə,22 aprel 2025,22 may 2025,https://www.hellojob.az/vakansiya/data-sahesinin-data-muhendisi-3796,https://www.hellojob.az/storage/companies/f5f3fde6d69bd4ae0e41a621906aced2.svg,Bakı,Unknown,Unknown,Unknown
Rəqəmsal kanallar sahəsinin back-end üzrə aparıcı proqramçısı / baş proqramçısı,ABB,Bakı,Tam-ştat,Proqramlaşdırma,Razılaşma ilə,22 aprel 2025,22 may 2025,https://www.hellojob.az/vakansiya/reqemsal-kanallar-sahesinin-back-end-uzre-aparici-proqramcisi-bas-proqramcisi-3795,https://www.hellojob.az/storage/companies/f5f3fde6d69bd4ae0e41a621906aced2.svg,Bakı,Unknown,Unknown,Unknown
Back-End Developer,Kapital Bank,"Bakı, Mərkəz filialı, Baku, Azerbaijan",Tam-ştat,Proqramlaşdırma,Razılaşma ilə,22 aprel 2025,30 aprel 2025,https://www.hellojob.az/vakansiya/back-end-developer-3994,https://www.hellojob.az/storage/companies/0b19d066c7eb9fa635850615d2e16921.svg,Bakı,Unknown,Unknown,Unknown
Rəqəmsal (Digital) Marketinq mütəxəssisi,Travacco,"Bakı, Fətəli Xan Xoyski 166B",Tam-ştat,Rəqəmsal marketinq,900 - 1100 AZN,14 aprel 2025,14 may 2025,https://www.hellojob.az/vakansiya/reqemsal-digital-marketinq-mutexessisi-905113,https://www.hellojob.az/resized/companies/cLKZMfyncpYHFtV2vfr6pk1r0CPibJxjbc08bNAj-120--resize.webp,Bakı,900.0,1100.0,1000.0
B2B Satış mütəxəssisi,Web Console Studio,"Bakı, Qara Qarayev pr. 31a",Tam-ştat,Marketinq menecment,500 - 1000 AZN,21 aprel 2025,21 may 2025,https://www.hellojob.az/vakansiya/b2b-satis-mutexessisi-1025116,https://www.hellojob.az/resized/companies/e798226e85dfe00f3ca3287f3f74f92e-120--resize.webp,Bakı,500.0,1000.0,750.0
Kredit mütəxəssisi(Samux filialı),Güvənli MMC,Samux,Tam-ştat,Bank xidməti,Razılaşma ilə,21 aprel 2025,21 may 2025,https://www.hellojob.az/vakansiya/kredit-mutexessisisamux-filiali,https://www.hellojob.az/storage/companies/1905e2d4ad1b0d81c325e76c60893a2f.svg,Samux,Unknown,Unknown,Unknown
Zərgər(Samux filialı),Güvənli MMC,Samux,Tam-ştat,Bank xidməti,Razılaşma ilə,21 aprel 2025,21 may 2025,https://www.hellojob.az/vakansiya/zergersamux-filiali,https://www.hellojob.az/storage/companies/1905e2d4ad1b0d81c325e76c60893a2f.svg,Samux,Unknown,Unknown,Unknown
Əməliyyatçı-xəzinədar(Samux filialı),Güvənli MMC,Samux,Tam-ştat,Bank xidməti,400 AZN,21 aprel 2025,21 may 2025,https://www.hellojob.az/vakansiya/emeliyyatci-xezinedarsamux-filiali,https://www.hellojob.az/storage/companies/1905e2d4ad1b0d81c325e76c60893a2f.svg,Samux,400.0,400.0,400.0
Mağaza satıcısı,SEDAD MMC,"Bakı, Məzahir Rüstəmov(Xətai Bələdiyyəsinin yanı)",Tam-ştat,Digər,400 AZN,21 aprel 2025,21 may 2025,https://www.hellojob.az/vakansiya/magaza-saticisi-1025750,Unknown,Bakı,400.0,400.0,400.0
Xidmət sahəsi üzrə kiçik mütəxəssis,EDU COMPANY Təhsil Şirkəti,"Bakı, Mətbuat prospekti 31",Tam-ştat,Menecment,Razılaşma ilə,21 aprel 2025,21 may 2025,https://www.hellojob.az/vakansiya/xidmet-sahesi-uzre-kicik-mutexessis,Unknown,Bakı,Unknown,Unknown,Unknown
Kassir,M&T LTD,Bakı,Tam-ştat,Digər,400 - 450 AZN,21 aprel 2025,21 may 2025,https://www.hellojob.az/vakansiya/kassir-1024267,https://www.hellojob.az/resized/companies/6953aae97b12be5bd5af6d137ce83d91-120--resize.webp,Bakı,400.0,450.0,425.0
Əməliyyatçı-kassir,TAB MMC,"Bakı, Bakı şəh. Nizami ray. Qara Qarayev pr. 102 A “",Tam-ştat,Digər,400 - 500 AZN,21 aprel 2025,21 may 2025,https://www.hellojob.az/vakansiya/emeliyyatci-kassir-1024055,Unknown,Bakı,400.0,500.0,450.0
Satıcı-kassir,Sensual Woman Boutique,"Bakı, Park Bulvar AVM",Tam-ştat,Satış üzrə mütəxəssis,500 - 600 AZN,21 aprel 2025,21 may 2025,https://www.hellojob.az/vakansiya/satici-kassir-1021524,Unknown,Bakı,500.0,600.0,550.0
Sürücü,GL ASC,"Bakı, Sımıd Vurğun 60",Tam-ştat,Bank xidməti,Razılaşma ilə,21 aprel 2025,21 may 2025,https://www.hellojob.az/vakansiya/surucu-1021101,https://www.hellojob.az/resized/companies/f3991333f253dedebd1db28caa46c96a-120--resize.webp,Bakı,Unknown,Unknown,Unknown
Satış üzrə təcrübə proqramı,D-IT MMC,"Bakı, SKS PLAZA",Təcrübəçi,Satış üzrə mütəxəssis,Razılaşma ilə,21 aprel 2025,21 may 2025,https://www.hellojob.az/vakansiya/satis-uzre-tecrube-proqrami-1021100,https://www.hellojob.az/resized/companies/71778d5d50b73ad1723311d963bd638c-120--resize.webp,Bakı,Unknown,Unknown,Unknown
Direktor köməkçisi,İdeal Kredit,"Bakı, Süleyman Sani Axundov küçəsi",Tam-ştat,Heyətin idarəolunması,Razılaşma ilə,21 aprel 2025,21 may 2025,https://www.hellojob.az/vakansiya/direktor-komekcisi-1016466,Unknown,Bakı,Unknown,Unknown,Unknown
Credit Risk Analyst,Kapital Bank,"Bakı, Mərkəz filialı, Azərbaycan, Bakı şəhəri",Tam-ştat,Kredit mütəxəssisi,Razılaşma ilə,21 aprel 2025,31 may 2025,https://www.hellojob.az/vakansiya/credit-risk-analyst-4592,https://www.hellojob.az/storage/companies/0b19d066c7eb9fa635850615d2e16921.svg,Bakı,Unknown,Unknown,Unknown
Anbardar köməkçisi,ABV,Bakı,Tam-ştat,Anbardar,700 - 900 AZN,20 aprel 2025,20 may 2025,https://www.hellojob.az/vakansiya/anbardar-komekcisi-992281,https://www.hellojob.az/resized/companies/32438928ab8d861f4166a8371bb6a077-120--resize.webp,Bakı,700.0,900.0,800.0
Korporativ satış meneceri,ABV,Bakı,Tam-ştat,Satış üzrə mütəxəssis,Razılaşma ilə,20 aprel 2025,20 may 2025,https://www.hellojob.az/vakansiya/korporativ-satis-meneceri,https://www.hellojob.az/resized/companies/32438928ab8d861f4166a8371bb6a077-120--resize.webp,Bakı,Unknown,Unknown,Unknown
Mühasib-Operator,ABV,Bakı,Tam-ştat,Mühasibat,500 - 700 AZN,20 aprel 2025,20 may 2025,https://www.hellojob.az/vakansiya/muhasib-operator-991850,https://www.hellojob.az/resized/companies/32438928ab8d861f4166a8371bb6a077-120--resize.webp,Bakı,500.0,700.0,600.0
NON-CCTV kiçik mütəxəssis / mütəxəssis (İT üzrə),ABV,Bakı,Tam-ştat,Digər,Razılaşma ilə,20 aprel 2025,20 may 2025,https://www.hellojob.az/vakansiya/non-cctv-kicik-mutexessis-mutexessis-it-uzre-991635,https://www.hellojob.az/resized/companies/32438928ab8d861f4166a8371bb6a077-120--resize.webp,Bakı,Unknown,Unknown,Unknown
Montajçı,ABV,Bakı,Tam-ştat,Digər,Razılaşma ilə,20 aprel 2025,20 may 2025,https://www.hellojob.az/vakansiya/montajci-991634,https://www.hellojob.az/resized/companies/32438928ab8d861f4166a8371bb6a077-120--resize.webp,Bakı,Unknown,Unknown,Unknown
Kassir,ABV,Bakı,Tam-ştat,Digər,600 - 800 AZN,20 aprel 2025,20 may 2025,https://www.hellojob.az/vakansiya/kassir-991633,https://www.hellojob.az/resized/companies/32438928ab8d861f4166a8371bb6a077-120--resize.webp,Bakı,600.0,800.0,700.0
Kateqoriya meneceri,ABV,Bakı,Tam-ştat,Digər,Razılaşma ilə,20 aprel 2025,20 may 2025,https://www.hellojob.az/vakansiya/kateqoriya-meneceri-991632,https://www.hellojob.az/resized/companies/32438928ab8d861f4166a8371bb6a077-120--resize.webp,Bakı,Unknown,Unknown,Unknown
Online satış meneceri,Esshopbaku,"Bakı, Azadlig pr 19",Yarım-ştat,Satış üzrə mütəxəssis,Razılaşma ilə,19 aprel 2025,19 may 2025,https://www.hellojob.az/vakansiya/online-satis-meneceri-960501,Unknown,Bakı,Unknown,Unknown,Unknown
İngilis dili müəllimi Memar Əcəmi filialı,British Centre Memar Əcəmi Filialı,"Bakı, Asif Məhərrəmov 33A",Tam-ştat,Xüsusi təhsil/ Təlim,800 - 1000 AZN,19 aprel 2025,19 may 2025,https://www.hellojob.az/vakansiya/ingilis-dili-muellimi-memar-ecemi-filiali,Unknown,Bakı,800.0,1000.0,900.0
Satış mütəxəssisi,Qbit Technologies,"Bakı, BAKU, Caspian Plaza",Tam-ştat,Satış üzrə mütəxəssis,300 - 1000 AZN,19 aprel 2025,19 may 2025,https://www.hellojob.az/vakansiya/satis-mutexessisi-959636,Unknown,Bakı,300.0,1000.0,650.0
Satış məsləhətçisi,Lumiere Baku,"Bakı, Koroğlu Bravo Hipermarket Daxili, Heydər Əliyev pr 172",Yarım-ştat,Digər,300 - 400 AZN,19 aprel 2025,19 may 2025,https://www.hellojob.az/vakansiya/satis-meslehetcisi-957264,https://www.hellojob.az/resized/companies/WiFUFadGm6Bx9LWvUO7QYpl35MBOmeTuCMzT8Niq-120--resize.webp,Bakı,300.0,400.0,350.0
Mühəndis,Asvent MMC,"Bakı, Nerimanov rayonu Cermet qəsəbəsi",Tam-ştat,Digər,Razılaşma ilə,19 aprel 2025,19 may 2025,https://www.hellojob.az/vakansiya/muhendis,Unknown,Bakı,Unknown,Unknown,Unknown
Fiziki kanallar və əməliyyat sahəsinin front-end üzrə proqramçısı,ABB,Bakı,Tam-ştat,Proqramlaşdırma,Razılaşma ilə,19 aprel 2025,19 may 2025,https://www.hellojob.az/vakansiya/fiziki-kanallar-ve-emeliyyat-sahesinin-front-end-uzre-proqramcisi-3793,https://www.hellojob.az/storage/companies/f5f3fde6d69bd4ae0e41a621906aced2.svg,Bakı,Unknown,Unknown,Unknown
Ümumi İngilis dili müəllimi (Sumqayıt Ofisi),IELTS Academy,"Sumqayıt, Sumgait; Sumgait Business Center; 6/607",Tam-ştat,Xüsusi təhsil/ Təlim,Razılaşma ilə,18 aprel 2025,18 may 2025,https://www.hellojob.az/vakansiya/umumi-ingilis-dili-muellimi-sumqayit-ofisi,https://www.hellojob.az/resized/companies/92b05f653164afe3f55d8240e9abd912-120--resize.webp,Sumqayıt,Unknown,Unknown,Unknown
Anbardar,Real Beauty,Bakı,Tam-ştat,Anbardar,Razılaşma ilə,18 aprel 2025,18 may 2025,https://www.hellojob.az/vakansiya/anbardar-931941,https://www.hellojob.az/resized/companies/495836a85f619f29820a8736f2c54bed-120--resize.webp,Bakı,Unknown,Unknown,Unknown
Satınalma meneceri,AMOGROUP,"Bakı, Xətai pr 34",Tam-ştat,Digər,Razılaşma ilə,18 aprel 2025,18 may 2025,https://www.hellojob.az/vakansiya/satinalma-meneceri-929996,Unknown,Bakı,Unknown,Unknown,Unknown
Kredit mütəxəssisi,Kəpəz Bokt MMC,Bakı,Tam-ştat,Kredit mütəxəssisi,500 - 1000 AZN,18 aprel 2025,18 may 2025,https://www.hellojob.az/vakansiya/kredit-mutexessisi,https://www.hellojob.az/resized/companies/9qhQcFShUaUPbFBCK0PkIyn1WR0De71mBAWnVQqX-120--resize.webp,Bakı,500.0,1000.0,750.0
Satış Meneceri,Bebiko MMC,"Sumqayıt, Yaşıl Dərə,Hafiz Baxış küçəsi",Uzaqdan,Satış üzrə mütəxəssis,400 - 1000 AZN,18 aprel 2025,18 may 2025,https://www.hellojob.az/vakansiya/satis-meneceri-923733,Unknown,Sumqayıt,400.0,1000.0,700.0
TikTok Canlı Yayım üzrə Satış Meneceri,VEN GROUP MMC,"Bakı, Rəşid Bağırov 33",Tam-ştat,Satış üzrə mütəxəssis,Razılaşma ilə,17 aprel 2025,17 may 2025,https://www.hellojob.az/vakansiya/tiktok-canli-yayim-uzre-satis-meneceri,Unknown,Bakı,Unknown,Unknown,Unknown
Əczaçı,"""AzəriMed"" QSC",Bakı,Tam-ştat,Tibb təmsilçisi,400 - 600 AZN,18 aprel 2025,18 may 2025,https://www.hellojob.az/vakansiya/eczaci-921583,https://www.hellojob.az/resized/companies/KkVZV0CBn26Yi4brfuBg9ixjm8kOa1jGwQSbLhJF-120--resize.webp,Bakı,400.0,600.0,500.0
Regyon Üzrə Satış təmsilçisi,Borkan Group,"Bakı, ZİYA BÜNYADOV 69B",Tam-ştat,Satış üzrə mütəxəssis,1000 AZN,18 aprel 2025,18 may 2025,https://www.hellojob.az/vakansiya/regyon-uzre-satis-temsilcisi-921367,https://www.hellojob.az/resized/companies/e118db029f54fbc1687cc5a517a195de-120--resize.webp,Bakı,1000.0,1000.0,1000.0
Müqavilələr və bank əməliyyatlarına hüquqi dəstək şöbəsi üzrə hüquqşünas,ABB,Bakı,Tam-ştat,Hüquq,Razılaşma ilə,18 aprel 2025,18 may 2025,https://www.hellojob.az/vakansiya/muqavileler-ve-bank-emeliyyatlarina-huquqi-destek-sobesi-uzre-huquqsunas-3792,https://www.hellojob.az/storage/companies/f5f3fde6d69bd4ae0e41a621906aced2.svg,Bakı,Unknown,Unknown,Unknown
Şəbəkə və əməliyyatların təhlükəsizliyi arxitekturası üzrə baş mütəxəssis,ABB,Bakı,Tam-ştat,Texnologiya,Razılaşma ilə,18 aprel 2025,18 may 2025,https://www.hellojob.az/vakansiya/sebeke-ve-emeliyyatlarin-tehlukesizliyi-arxitekturasi-uzre-bas-mutexessis-3791,https://www.hellojob.az/storage/companies/f5f3fde6d69bd4ae0e41a621906aced2.svg,Bakı,Unknown,Unknown,Unknown
Əməliyyat risklərinin idarə edilməsi şöbəsinin aparıcı mütəxəssisi/ baş mütəxəssisi,ABB,Bakı,Tam-ştat,Müxtəlif,Razılaşma ilə,18 aprel 2025,18 may 2025,https://www.hellojob.az/vakansiya/emeliyyat-risklerinin-idare-edilmesi-sobesinin-aparici-mutexessisi-bas-mutexessisi-3790,https://www.hellojob.az/storage/companies/f5f3fde6d69bd4ae0e41a621906aced2.svg,Bakı,Unknown,Unknown,Unknown
Rəqəmsal dələduzluq analitikası üzrə data analitik / aparıcı data analitik,ABB,Bakı,Tam-ştat,Texnologiya,Razılaşma ilə,18 aprel 2025,18 may 2025,https://www.hellojob.az/vakansiya/reqemsal-deleduzluq-analitikasi-uzre-data-analitik-aparici-data-analitik-3789,https://www.hellojob.az/storage/companies/f5f3fde6d69bd4ae0e41a621906aced2.svg,Bakı,Unknown,Unknown,Unknown
Rəqəmsal dələduzluq risk və insidentləri üzrə mütəxəssis / aparıcı /  baş mütəxəssis,ABB,Bakı,Tam-ştat,Müxtəlif,Razılaşma ilə,18 aprel 2025,18 may 2025,https://www.hellojob.az/vakansiya/reqemsal-deleduzluq-risk-ve-insidentleri-uzre-mutexessis-aparici-bas-mutexessis-3788,https://www.hellojob.az/storage/companies/f5f3fde6d69bd4ae0e41a621906aced2.svg,Bakı,Unknown,Unknown,Unknown
Məlumat xidməti üzrə kiçik mütəxəssis/Ağstafa filialı,Kapital Bank,"Ağstafa, Ağstafa rayon filialı, Аğstаfа şəhəri, Cəfər Cabbarlı küçəsi, 25A",Tam-ştat,Xidmət,Razılaşma ilə,18 aprel 2025,30 aprel 2025,https://www.hellojob.az/vakansiya/melumat-xidmeti-uzre-kicik-mutexessis-agstafa-filiali-4585,https://www.hellojob.az/storage/companies/0b19d066c7eb9fa635850615d2e16921.svg,Ağstafa,Unknown,Unknown,Unknown
Məlumat xidməti üzrə kiçik mütəxəssis/Göyçay filialı,Kapital Bank,"Göyçay, Göygöl rayon filialı, Göygöl şəhəri, H.Əliyеv küçəsi 45",Tam-ştat,Xidmət,Razılaşma ilə,18 aprel 2025,30 aprel 2025,https://www.hellojob.az/vakansiya/melumat-xidmeti-uzre-kicik-mutexessis-goycay-filiali-4584,https://www.hellojob.az/storage/companies/0b19d066c7eb9fa635850615d2e16921.svg,Göyçay,Unknown,Unknown,Unknown
QA Automation Engineer (Employee Experience Tribe),Kapital Bank,Bakı,Tam-ştat,Texnologiya,Razılaşma ilə,18 aprel 2025,18 may 2025,https://www.hellojob.az/vakansiya/qa-automation-engineer-employee-experience-tribe-4261,https://www.hellojob.az/storage/companies/0b19d066c7eb9fa635850615d2e16921.svg,Bakı,Unknown,Unknown,Unknown
Operator,GOLD MMC,"Bakı, Neftçilər m/st yaxınlığı",Tam-ştat,Ofis menecmenti,500 AZN,17 aprel 2025,17 may 2025,https://www.hellojob.az/vakansiya/operator-905155,Unknown,Bakı,500.0,500.0,500.0
Hüquqşünas,Ferrum Capital QSC,"Bakı, BAKI ŞƏHƏRİ, XƏTAİ RAYONU, Xocalı prospekti",Tam-ştat,Hüquqşünas,500 - 1200 AZN,17 aprel 2025,17 may 2025,https://www.hellojob.az/vakansiya/huquqsunas,https://www.hellojob.az/resized/companies/f1caaad4868f8354b8572b70d87a4fd3-120--resize.webp,Bakı,500.0,1200.0,850.0
Rəqəmsal marketinq şöbəsinin Baş dizayneri/ Aparıcı dizayneri,ABB,Bakı,Tam-ştat,Dizayn,Razılaşma ilə,17 aprel 2025,17 may 2025,https://www.hellojob.az/vakansiya/korporativ-kreditlerin-tehlili-sobesinin-mutexessisi-3615,https://www.hellojob.az/storage/companies/f5f3fde6d69bd4ae0e41a621906aced2.svg,Bakı,Unknown,Unknown,Unknown
Yanğın mühafizə-siqnalizasiya sitemləri üzrə mütəxəssis/aparıcı mütəxəssis,ABB,Bakı,Tam-ştat,Xidmət,Razılaşma ilə,17 aprel 2025,17 may 2025,https://www.hellojob.az/vakansiya/yangin-muhafize-siqnalizasiya-sitemleri-uzre-mutexessis-aparici-mutexessis-3570,https://www.hellojob.az/storage/companies/f5f3fde6d69bd4ae0e41a621906aced2.svg,Bakı,Unknown,Unknown,Unknown
Kredit risklərinin idarə edilməsi şöbəsinin mütəxəssisi / aparıcı mütəxəssisi,ABB,Bakı,Tam-ştat,Kredit mütəxəssisi,Razılaşma ilə,17 aprel 2025,17 may 2025,https://www.hellojob.az/vakansiya/kredit-risklerinin-idare-edilmesi-sobesinin-mutexessisi-aparici-mutexessisi-3566,https://www.hellojob.az/storage/companies/f5f3fde6d69bd4ae0e41a621906aced2.svg,Bakı,Unknown,Unknown,Unknown
Rəqəmsal kiçik biznes sahəsinin müştəri təcrübələri üzrə mütəxəssis/aparıcı/baş mütəxəssis (RM),ABB,Bakı,Tam-ştat,Texnologiya,Razılaşma ilə,17 aprel 2025,17 may 2025,https://www.hellojob.az/vakansiya/reqemsal-kicik-biznes-sahesinin-musteri-tecrubeleri-uzre-mutexessis-aparici-bas-mutexessis-rm-3414,https://www.hellojob.az/storage/companies/f5f3fde6d69bd4ae0e41a621906aced2.svg,Bakı,Unknown,Unknown,Unknown
Rəqəmsal kanallar sahəsinin IOS üzrə proqramçısı / aparıcı proqramçısı / baş proqramıçısı,ABB,Bakı,Tam-ştat,Texnologiya,Razılaşma ilə,17 aprel 2025,17 may 2025,https://www.hellojob.az/vakansiya/reqemsal-kanallar-sahesinin-ios-uzre-proqramcisi-aparici-proqramcisi-bas-proqramicisi-3719,https://www.hellojob.az/storage/companies/f5f3fde6d69bd4ae0e41a621906aced2.svg,Bakı,Unknown,Unknown,Unknown
Data Transformation Analyst (Data Steward),Kapital Bank,Bakı,Tam-ştat,Texnologiya,Razılaşma ilə,17 aprel 2025,30 aprel 2025,https://www.hellojob.az/vakansiya/data-transformation-analyst-data-steward-4441,https://www.hellojob.az/storage/companies/0b19d066c7eb9fa635850615d2e16921.svg,Bakı,Unknown,Unknown,Unknown
Promouter Xanım namizədlər (tütün isitmə sistemi),Around Business Group,"Bakı, Nəriman Nərimanov",Tam-ştat,Satış üzrə mütəxəssis,540 - 900 AZN,17 aprel 2025,17 may 2025,https://www.hellojob.az/vakansiya/promouter-xanim-namizedler-tutun-isitme-sistemi,Unknown,Bakı,540.0,900.0,720.0
Call-Center Operator,Rachmat Agro,"Bakı, Yasamal",Uzaqdan,Satış üzrə mütəxəssis,600 - 800 AZN,17 aprel 2025,17 may 2025,https://www.hellojob.az/vakansiya/call-center-operator-905151,Unknown,Bakı,600.0,800.0,700.0
İnzibatçı,"""AGNA""MMC","Bakı, Bakı şəh., Mərkəz",Tam-ştat,Katibə / Resepşn,600 - 800 AZN,17 aprel 2025,17 may 2025,https://www.hellojob.az/vakansiya/inzibatci-905150,Unknown,Bakı,600.0,800.0,700.0
Sosial Media Marketinq (SMM) mütəxəssisi,Paradise Music,"Bakı, MƏZAHİR RÜSTƏMOV 191E(ƏHMƏDLİ metrosundan 10 dəqiqə)",Tam-ştat,SMM,500 - 1000 AZN,17 aprel 2025,17 may 2025,https://www.hellojob.az/vakansiya/sosial-media-marketinq-smm-mutexessisi-905149,https://www.hellojob.az/resized/companies/bc63f17b004c9efb27cc7f9b69bf742c-120--resize.webp,Bakı,500.0,1000.0,750.0
Project Manager,King Entertainment Corp,Bakı,Uzaqdan,Digər,Razılaşma ilə,17 aprel 2025,17 may 2025,https://www.hellojob.az/vakansiya/project-manager-905146,Unknown,Bakı,Unknown,Unknown,Unknown
Lux Life Group,Lux Life Group,"Bakı, Yeni Yasamal,Icra hakimiyyətinin yanı",Yarım-ştat,Digər,500 - 2000 AZN,01 aprel 2025,01 may 2025,https://www.hellojob.az/vakansiya/lux-life-group,Unknown,Bakı,500.0,2000.0,1250.0
Senior qrafik dizayner,Adroit agency,Bakı,Tam-ştat,Qrafik dizayn,1200 - 1500 AZN,16 aprel 2025,16 may 2025,https://www.hellojob.az/vakansiya/senior-qrafik-dizayner-905145,https://www.hellojob.az/resized/companies/3ce2d9bd93580c7a386d062f135defa9-120--resize.webp,Bakı,1200.0,1500.0,1350.0
Sosial Media Marketinq (SMM) mütəxəssisi,Dost İnşaat MMC,"Bakı, Çinar Park Biznes Mərkəzi",Tam-ştat,Satış üzrə mütəxəssis,800 - 1000 AZN,08 aprel 2025,08 may 2025,https://www.hellojob.az/vakansiya/sosial-media-marketinq-smm-mutexessisi-905040,https://www.hellojob.az/resized/companies/f90a62f2938023f2f1ef563a49bfb9e9-120--resize.webp,Bakı,800.0,1000.0,900.0
Ofis meneceri,TAMASHAEE FOODS MMC,"Bakı, Binəqədi rayonu Xocahəsən qəsəbəsi Yeni Yol 202",Tam-ştat,Ofis menecmenti,800 - 1000 AZN,16 aprel 2025,16 may 2025,https://www.hellojob.az/vakansiya/ofis-meneceri-905144,https://www.hellojob.az/resized/companies/9b43635192d65d7b6d0b1ca952653724-120--resize.webp,Bakı,800.0,1000.0,900.0
İnsan Resursları üzrə mütəxəssis,TAMASHAEE FOODS MMC,"Bakı, Binəqədi rayonu Xocahəsən qəsəbəsi Yeni Yol 202",Tam-ştat,İnsan resursları,700 - 1000 AZN,16 aprel 2025,16 may 2025,https://www.hellojob.az/vakansiya/insan-resurslari-uzre-mutexessis-905143,https://www.hellojob.az/resized/companies/9b43635192d65d7b6d0b1ca952653724-120--resize.webp,Bakı,700.0,1000.0,850.0
Kateqoriya meneceri,Beauty House MMC,"Bakı, Ayna sultanova",Tam-ştat,Menecer,900 - 1800 AZN,16 aprel 2025,16 may 2025,https://www.hellojob.az/vakansiya/kateqoriya-meneceri-905142,https://www.hellojob.az/resized/companies/3ce1fbbceab4abd6bea8f57de0bad10a-120--resize.webp,Bakı,900.0,1800.0,1350.0
Tort ustası - fiqur ustası,Alba Cakes,"Bakı, Nizami rayonu",Tam-ştat,Digər,1000 - 1500 AZN,16 aprel 2025,16 may 2025,https://www.hellojob.az/vakansiya/tort-ustasi-fiqur-ustasi,https://www.hellojob.az/resized/companies/aabf8cb2a3abbda81f0cbf604f980317-120--resize.webp,Bakı,1000.0,1500.0,1250.0
Pastry chef,Alba Cakes,"Bakı, Nizami rayonu",Tam-ştat,Digər,1500 - 2000 AZN,16 aprel 2025,16 may 2025,https://www.hellojob.az/vakansiya/pastry-chef,https://www.hellojob.az/resized/companies/aabf8cb2a3abbda81f0cbf604f980317-120--resize.webp,Bakı,1500.0,2000.0,1750.0
Sürücü,Alba Cakes,"Bakı, Nizami rayonu",Tam-ştat,Sürücü,1000 - 1200 AZN,16 aprel 2025,16 may 2025,https://www.hellojob.az/vakansiya/surucu-905139,https://www.hellojob.az/resized/companies/aabf8cb2a3abbda81f0cbf604f980317-120--resize.webp,Bakı,1000.0,1200.0,1100.0
Promouter,Azerbaijan Travel Company,"Bakı, Bakı, İçərişəhər",Yarım-ştat,Turizm və mehmanxana işi,400 - 800 AZN,15 aprel 2025,16 may 2025,https://www.hellojob.az/vakansiya/promouter-905137,https://www.hellojob.az/resized/companies/dc06f92dd46f1aeed8a518bec026d725-120--resize.webp,Bakı,400.0,800.0,600.0
Lombard üzrə mütəxəssis,AMB Rahat Kredit Evi,Bakı,Tam-ştat,Kredit mütəxəssisi,500 - 1000 AZN,16 aprel 2025,16 may 2025,https://www.hellojob.az/vakansiya/lombard-uzre-mutexessis-905138,https://www.hellojob.az/resized/companies/573dc95a054a66cd81aa3f3809425df8-120--resize.webp,Bakı,500.0,1000.0,750.0
Google Ads Təcrübə Proqramı,Afea Group,Bakı,Təcrübəçi,Marketinq,1300 AZN,15 aprel 2025,15 may 2025,https://www.hellojob.az/vakansiya/google-ads-tecrube-proqrami,Unknown,Bakı,1300.0,1300.0,1300.0
Mağazada Satıcı,Bəyaz Flora,"Bakı, 28 Koroğlu Rəhimov küçəsi",Tam-ştat,Satış üzrə mütəxəssis,400 - 800 AZN,15 aprel 2025,15 may 2025,https://www.hellojob.az/vakansiya/metbee-dizayneri-905135,Unknown,Bakı,400.0,800.0,600.0
Mətbəə dizayneri,Bəyaz Flora,"Bakı, Fatmayı",Tam-ştat,Qrafik dizayn,700 - 1200 AZN,15 aprel 2025,15 may 2025,https://www.hellojob.az/vakansiya/metbee-dizayneri-905134,Unknown,Bakı,700.0,1200.0,950.0
Brend Nümayəndəsi xanım namizədlər (tütün isitmə sistemi),Around Business Group,Bakı,Yarım-ştat,Satış üzrə mütəxəssis,540 - 900 AZN,15 aprel 2025,15 may 2025,https://www.hellojob.az/vakansiya/brend-numayendesi-xanim-namizedler-tutun-isitme-sistemi,Unknown,Bakı,540.0,900.0,720.0
Bağça müəllimi,MAYA UŞAQ BAĞÇASI,"Bakı, Hesen eliyev Tiblisi prospekti",Tam-ştat,Digər,300 - 350 AZN,15 aprel 2025,15 may 2025,https://www.hellojob.az/vakansiya/bagca-muellimi-905132,Unknown,Bakı,300.0,350.0,325.0
Junior UI/UX Designer,Afea Group,Bakı,Tam-ştat,Dizayn,Razılaşma ilə,15 aprel 2025,15 may 2025,https://www.hellojob.az/vakansiya/junior-uiux-designer,Unknown,Bakı,Unknown,Unknown,Unknown
Sürücü,TAB MMC,"Bakı, Nizami ray. Qara Qarayev pr 102A",Tam-ştat,Sürücü,500 AZN,15 aprel 2025,15 may 2025,https://www.hellojob.az/vakansiya/surucu,Unknown,Bakı,500.0,500.0,500.0
Call-center operator,VEN GROUP MMC,"Bakı, Rəşid Bağırov 33",Tam-ştat,Operator,400 - 800 AZN,15 aprel 2025,15 may 2025,https://www.hellojob.az/vakansiya/call-center-operator-905129,Unknown,Bakı,400.0,800.0,600.0
Менеджер Ресторана (девушки),Restaurants by Emin Agalarov,Bakı,Tam-ştat,Xidmət,Razılaşma ilə,14 aprel 2025,14 may 2025,https://www.hellojob.az/vakansiya/menedzer-restorana-devuski,https://www.hellojob.az/storage/companies/06ccb8ff5519472beb989338237956bc.svg,Bakı,Unknown,Unknown,Unknown
Менеджер по продажам мероприятий,Restaurants by Emin Agalarov,Bakı,Tam-ştat,Satış üzrə mütəxəssis,1500 AZN,14 aprel 2025,14 may 2025,https://www.hellojob.az/vakansiya/menedzer-po-prodazam-meropriiatii,https://www.hellojob.az/storage/companies/06ccb8ff5519472beb989338237956bc.svg,Bakı,1500.0,1500.0,1500.0
Baş mühasib,Restaurants by Emin Agalarov,Bakı,Tam-ştat,Maliyyə,3000 AZN,14 aprel 2025,14 may 2025,https://www.hellojob.az/vakansiya/bas-muhasib-905126,https://www.hellojob.az/storage/companies/06ccb8ff5519472beb989338237956bc.svg,Bakı,3000.0,3000.0,3000.0
Təcrübə proqramı,Aladdin Holding,"Bakı, Fuad Ibrahimbeyov 9b, Team Plaza",Təcrübəçi,Digər,Razılaşma ilə,14 aprel 2025,14 may 2025,https://www.hellojob.az/vakansiya/tecrube-proqrami-905124,https://www.hellojob.az/resized/companies/cff40a2eb8a9f1adcca46c0eb992988e-120--resize.webp,Bakı,Unknown,Unknown,Unknown
Satış təmsilçisi,GOLD MMC,"Bakı, Neftçilər m/st yaxınlığı",Tam-ştat,Satış üzrə mütəxəssis,700 - 1000 AZN,14 aprel 2025,14 may 2025,https://www.hellojob.az/vakansiya/satis-temsilcisi-905123,Unknown,Bakı,700.0,1000.0,850.0
Kontent Menecer,Balique,"Bakı, Əhməd Cavad 1",Tam-ştat,SMM,700 - 1000 AZN,14 aprel 2025,14 may 2025,https://www.hellojob.az/vakansiya/kontent-menecer,https://www.hellojob.az/resized/companies/55myRaAFIKZi8XZRY3ytMIXBrZXfb7q8kB1zqIQs-120--resize.webp,Bakı,700.0,1000.0,850.0
Rus və İngilis Dili Müəllimi,Harvard Education,"Bakı, İSTİQLALİYYƏT 27",Tam-ştat,Xüsusi təhsil/ Təlim,500 - 900 AZN,14 aprel 2025,14 may 2025,https://www.hellojob.az/vakansiya/rus-ve-ingilis-dili-muellimi-905121,Unknown,Bakı,500.0,900.0,700.0
Qarfik Dizayner,Brandx Media,"Bakı, İçərişəhər m/s-ı ilə üzbəüz. Istiqlaliyyət 27.",Tam-ştat,Qrafik dizayn,500 - 800 AZN,14 aprel 2025,14 may 2025,https://www.hellojob.az/vakansiya/brandx-media,https://www.hellojob.az/resized/companies/UpLc6tPP9s18mCuRdxPdZVagBzCqguoDedILXt4h-120--resize.webp,Bakı,500.0,800.0,650.0
Korporativ satış üzrə Mütəxəssis,ABV,Bakı,Tam-ştat,Satış,Razılaşma ilə,14 aprel 2025,14 may 2025,https://www.hellojob.az/vakansiya/korporativ-satis-uzre-mutexessis-905119,https://www.hellojob.az/resized/companies/32438928ab8d861f4166a8371bb6a077-120--resize.webp,Bakı,Unknown,Unknown,Unknown
Tibb bacısı,Asthetik Lab kosmetoloji klinika,"Bakı, Хатаи Ровшан Алиев 19",Tam-ştat,Digər,700 AZN,14 aprel 2025,14 may 2025,https://www.hellojob.az/vakansiya/tibb-bacisi-905118,https://www.hellojob.az/resized/companies/d33317bc0bed89e58ff0b135c2519a84-120--resize.webp,Bakı,700.0,700.0,700.0
Satış mütəxəssisi,Smart Electronics,Bakı,Tam-ştat,Satış üzrə mütəxəssis,400 - 1200 AZN,14 aprel 2025,14 may 2025,https://www.hellojob.az/vakansiya/satis-mutexessisi-905117,https://www.hellojob.az/resized/companies/bda977d9cce09e9895570c9e8cb3e11f-120--resize.webp,Bakı,400.0,1200.0,800.0
Usta,NR SERVİS,"Bakı, Əhməd Rəcəbli 257",Tam-ştat,Xidmət,600 - 800 AZN,14 aprel 2025,14 may 2025,https://www.hellojob.az/vakansiya/usta-905116,Unknown,Bakı,600.0,800.0,700.0
Korporativ satış üzrə Mütəxəssis,Travacco,"Bakı, Fətəli Xan Xoyski 166B",Tam-ştat,Satış üzrə mütəxəssis,900 AZN,14 aprel 2025,14 may 2025,https://www.hellojob.az/vakansiya/korporativ-satis-uzre-mutexessis-905114,https://www.hellojob.az/resized/companies/cLKZMfyncpYHFtV2vfr6pk1r0CPibJxjbc08bNAj-120--resize.webp,Bakı,900.0,900.0,900.0
Satış mütəxəssisi,Sigma LLC,Bakı,Uzaqdan,Digər,700 - 900 AZN,13 aprel 2025,13 may 2025,https://www.hellojob.az/vakansiya/satis-mutexessisi-905112,Unknown,Bakı,700.0,900.0,800.0
Gözəllik salonu işçiləri,Beauty & Luxe,Bakı,Tam-ştat,Xidmət,Razılaşma ilə,13 aprel 2025,13 may 2025,https://www.hellojob.az/vakansiya/gozellik-salonu-iscileri,Unknown,Bakı,Unknown,Unknown,Unknown
Rəqəmsal (Digital) Marketinq mütəxəssisi,PrimeHaul,Bakı,Tam-ştat,Rəqəmsal marketinq,Razılaşma ilə,12 aprel 2025,13 may 2025,https://www.hellojob.az/vakansiya/reqemsal-digital-marketinq-mutexessisi-905110,Unknown,Bakı,Unknown,Unknown,Unknown
Satış Meneceri,Deirvlon Technologies,Bakı,Yarım-ştat,Satış üzrə mütəxəssis,Razılaşma ilə,12 aprel 2025,13 may 2025,https://www.hellojob.az/vakansiya/satis-meneceri-905109,https://www.hellojob.az/resized/companies/7f5c90def621a5815e41a33327e9bfbb-120--resize.webp,Bakı,Unknown,Unknown,Unknown
Kargüzar köməkçisi,Global Group MMC,"Bakı, Genclik",Tam-ştat,Digər,600 AZN,12 aprel 2025,13 may 2025,https://www.hellojob.az/vakansiya/karguzar-komekcisi,Unknown,Bakı,600.0,600.0,600.0
Satış təmsilçisi,Solo Group,Bakı,Tam-ştat,Satış üzrə mütəxəssis,400 - 700 AZN,12 aprel 2025,12 may 2025,https://www.hellojob.az/vakansiya/satis-temsilcisi-905107,https://www.hellojob.az/resized/companies/8d33b5176f71c49e8af06fb9c76ac0ac-120--resize.webp,Bakı,400.0,700.0,550.0
Satış təmsilçisi,INGENIOUS MANUFACTURING SOLUTIONS LLC,"Bakı, Ələsgər Qayıbov 10",Tam-ştat,Satış üzrə mütəxəssis,700 - 1200 AZN,11 aprel 2025,12 may 2025,https://www.hellojob.az/vakansiya/satis-temsilcisi-905102,Unknown,Bakı,700.0,1200.0,950.0
Təchizatçı,NIOS,"Bakı, Ag Şəhər",Tam-ştat,Digər,Razılaşma ilə,12 aprel 2025,12 may 2025,https://www.hellojob.az/vakansiya/techizatci,Unknown,Bakı,Unknown,Unknown,Unknown
Ütüçü,Shakh Laundry,"Bakı, Amay Ticarət mərkəzi yaxınlığı",Tam-ştat,Digər,500 - 700 AZN,11 aprel 2025,11 may 2025,https://www.hellojob.az/vakansiya/elvin-musayev,Unknown,Bakı,500.0,700.0,600.0
Operator,Baku Chekup Mərkəzi,"Bakı, Mirəsədulla Mirqasımov 24B",Tam-ştat,Operator,500 AZN,11 aprel 2025,11 may 2025,https://www.hellojob.az/vakansiya/operator,Unknown,Bakı,500.0,500.0,500.0
Satış Meneceri,Saat Store,Bakı,Tam-ştat,Satış üzrə mütəxəssis,500 - 1500 AZN,11 aprel 2025,11 may 2025,https://www.hellojob.az/vakansiya/satis-meneceri-905099,https://www.hellojob.az/resized/companies/b57a7989e568e94c80bea09bd345cf90-120--resize.webp,Bakı,500.0,1500.0,1000.0
Qrafik Dizayner,Saat Store,Bakı,Tam-ştat,Qrafik dizayn,500 - 800 AZN,11 aprel 2025,11 may 2025,https://www.hellojob.az/vakansiya/qrafik-dizayner-905098,https://www.hellojob.az/resized/companies/b57a7989e568e94c80bea09bd345cf90-120--resize.webp,Bakı,500.0,800.0,650.0
Animator,Parti Baku,"Bakı, Xudu Məmmədov 309a",Tam-ştat,Digər,500 - 750 AZN,11 aprel 2025,11 may 2025,https://www.hellojob.az/vakansiya/animator-905097,Unknown,Bakı,500.0,750.0,625.0
Baş mühasib,Liman Hospital,Sumqayıt,Tam-ştat,Mühasibat,700 - 800 AZN,10 aprel 2025,11 may 2025,https://www.hellojob.az/vakansiya/bas-muhasib-905096,https://www.hellojob.az/resized/companies/907b2a44440c8b1446c8705714be7bf8-120--resize.webp,Sumqayıt,700.0,800.0,750.0
Satış mütəxəssisi,Alpha Motors,"Bakı, Caspian Plaza Biznes Mərkəzi",Tam-ştat,Satış üzrə mütəxəssis,500 - 2500 AZN,10 aprel 2025,10 may 2025,https://www.hellojob.az/vakansiya/satis-mutexessisi-905095,Unknown,Bakı,500.0,2500.0,1500.0
Senior DevOps engineer,Azerbaijan Artificial Intelligence Lab,Bakı,Tam-ştat,Proqramlaşdırma,Razılaşma ilə,10 aprel 2025,10 may 2025,https://www.hellojob.az/vakansiya/senior-devops-engineer,https://www.hellojob.az/resized/companies/zaXr8HfDeNyjtuSXzz5TlUrBzxgAne7O7PDtv02r-120--resize.webp,Bakı,Unknown,Unknown,Unknown
Menecer,Hafiz Tədris Mərkəzi,"Bakı, Nizami ray., İ.Məmmədov küç. 7  (Xalqlar dostluğu metrosu yani)",Tam-ştat,Xüsusi təhsil/ Təlim,Razılaşma ilə,10 aprel 2025,10 may 2025,https://www.hellojob.az/vakansiya/menecer-905093,Unknown,Bakı,Unknown,Unknown,Unknown
Middle front-end developer,Azerbaijan Artificial Intelligence Lab,Bakı,Tam-ştat,Proqramlaşdırma,Razılaşma ilə,10 aprel 2025,10 may 2025,https://www.hellojob.az/vakansiya/middle-front-end-developer-905092,https://www.hellojob.az/resized/companies/zaXr8HfDeNyjtuSXzz5TlUrBzxgAne7O7PDtv02r-120--resize.webp,Bakı,Unknown,Unknown,Unknown
Middle QA engineer (automation),Azerbaijan Artificial Intelligence Lab,Bakı,Tam-ştat,Proqramlaşdırma,Razılaşma ilə,10 aprel 2025,10 may 2025,https://www.hellojob.az/vakansiya/middle-qa-engineer-automation,https://www.hellojob.az/resized/companies/zaXr8HfDeNyjtuSXzz5TlUrBzxgAne7O7PDtv02r-120--resize.webp,Bakı,Unknown,Unknown,Unknown
PR specialist,Azerbaijan Artificial Intelligence Lab,Bakı,Tam-ştat,İctimaiyyətlə əlaqələr (PR),Razılaşma ilə,10 aprel 2025,10 may 2025,https://www.hellojob.az/vakansiya/pr-specialist,https://www.hellojob.az/resized/companies/zaXr8HfDeNyjtuSXzz5TlUrBzxgAne7O7PDtv02r-120--resize.webp,Bakı,Unknown,Unknown,Unknown
Middle back-end developer,Azerbaijan Artificial Intelligence Lab,Bakı,Tam-ştat,Proqramlaşdırma,Razılaşma ilə,10 aprel 2025,10 may 2025,https://www.hellojob.az/vakansiya/middle-back-end-developer-905089,https://www.hellojob.az/resized/companies/zaXr8HfDeNyjtuSXzz5TlUrBzxgAne7O7PDtv02r-120--resize.webp,Bakı,Unknown,Unknown,Unknown
Senior copywriter,Azerbaijan Artificial Intelligence Lab,Bakı,Tam-ştat,Kopiraytinq,Razılaşma ilə,10 aprel 2025,10 may 2025,https://www.hellojob.az/vakansiya/senior-copywriter-905088,https://www.hellojob.az/resized/companies/zaXr8HfDeNyjtuSXzz5TlUrBzxgAne7O7PDtv02r-120--resize.webp,Bakı,Unknown,Unknown,Unknown
Career advisor,Azerbaijan Artificial Intelligence Lab,Bakı,Tam-ştat,Digər,Razılaşma ilə,10 aprel 2025,10 may 2025,https://www.hellojob.az/vakansiya/career-advisor,https://www.hellojob.az/resized/companies/zaXr8HfDeNyjtuSXzz5TlUrBzxgAne7O7PDtv02r-120--resize.webp,Bakı,Unknown,Unknown,Unknown
Senior back-end developer,Azerbaijan Artificial Intelligence Lab,Bakı,Tam-ştat,Proqramlaşdırma,Razılaşma ilə,10 aprel 2025,10 may 2025,https://www.hellojob.az/vakansiya/senior-back-end-developer,https://www.hellojob.az/resized/companies/zaXr8HfDeNyjtuSXzz5TlUrBzxgAne7O7PDtv02r-120--resize.webp,Bakı,Unknown,Unknown,Unknown
Kredit mütəxəssisi,DOST Lombard,"Bakı, Cavadxan küç.",Tam-ştat,Kredit mütəxəssisi,500 - 900 AZN,10 aprel 2025,10 may 2025,https://www.hellojob.az/vakansiya/kredit-mutexessisi-905085,https://www.hellojob.az/resized/companies/5cdcfad5dbf6497a672d27ea2f612f5d-120--resize.webp,Bakı,500.0,900.0,700.0
Ofis meneceri,British Academy,"Bakı, Bakı",Yarım-ştat,Digər,250 - 300 AZN,10 aprel 2025,10 may 2025,https://www.hellojob.az/vakansiya/ofis-meneceri-905084,Unknown,Bakı,250.0,300.0,275.0
Layihə Koordinatoru/Tərcüməçi,Consolidated Business Management LLC,Bakı,Tam-ştat,Ofis menecmenti,400 - 500 AZN,10 aprel 2025,10 may 2025,https://www.hellojob.az/vakansiya/layihe-koordinatorutercumeci,https://www.hellojob.az/resized/companies/a13477ee58a7425e00869b5635c4e8d8-120--resize.webp,Bakı,400.0,500.0,450.0
Satıcı,NewYorker,Bakı,Tam-ştat,Satış,Razılaşma ilə,10 aprel 2025,10 may 2025,https://www.hellojob.az/vakansiya/satici-905082,Unknown,Bakı,Unknown,Unknown,Unknown
Kiçik Mühasib,TAB MMC,"Bakı, Bakı şəh. Nizami ray. Qara Qarayev pr. 102",Tam-ştat,Digər,Razılaşma ilə,10 aprel 2025,10 may 2025,https://www.hellojob.az/vakansiya/kicik-muhasib-905081,Unknown,Bakı,Unknown,Unknown,Unknown
Satış Meneceri,İnvest Home,"Bakı, Babək pr 10 e Rusel plaza Babək plazanın yanı Xətai metrosunun arxası",Tam-ştat,Satış üzrə mütəxəssis,800 - 1500 AZN,10 aprel 2025,10 may 2025,https://www.hellojob.az/vakansiya/satis-meneceri-905079,Unknown,Bakı,800.0,1500.0,1150.0
Reception,Ayru Estetik Mərkəzi,Bakı,Tam-ştat,Xidmət,Razılaşma ilə,10 aprel 2025,10 may 2025,https://www.hellojob.az/vakansiya/reception-905080,Unknown,Bakı,Unknown,Unknown,Unknown
Ofis meneceri,Company,"Bakı, Ağ Şəhər",Tam-ştat,Ofis menecmenti,500 - 600 AZN,09 aprel 2025,09 may 2025,https://www.hellojob.az/vakansiya/ofis-meneceri-905078,Unknown,Bakı,500.0,600.0,550.0
Moto Kuryer,Wraym,"Bakı, N.Nərimanov ray, Əliyar Əliyev küç. 206 (Azinko yaşayış kompleksinin yanı, N.Nərimanov metrosu yaxınlığı)",Tam-ştat,Kuryer,700 - 900 AZN,09 aprel 2025,09 may 2025,https://www.hellojob.az/vakansiya/moto-kuryer,https://www.hellojob.az/resized/companies/c6aef7ad7fd65e93e947028bdc3f04ac-120--resize.webp,Bakı,700.0,900.0,800.0
Sığorta üzrə Mütəxəssis,Mega Həyat Sığorta,"Bakı, Ziya Bünyadov pr, 1965. Çinar Park Biznes Mərkəzi",Tam-ştat,Sığorta,400 - 600 AZN,09 aprel 2025,09 may 2025,https://www.hellojob.az/vakansiya/sigorta-uzre-mutexessis-905075,https://www.hellojob.az/resized/companies/beddf3441dcae5d6307e1075142e02ef-120--resize.webp,Bakı,400.0,600.0,500.0
Data Analitik,DOST Rəqəmsal İnnovasiyalar Mərkəzi,Bakı,Tam-ştat,Digər,Razılaşma ilə,09 aprel 2025,09 may 2025,https://www.hellojob.az/vakansiya/data-analitik-905074,https://www.hellojob.az/resized/companies/dd782050261e2fd0d362b1ae238692ff-120--resize.webp,Bakı,Unknown,Unknown,Unknown
YÖS üzrə Riyaziyyat və Məntiq müəllimi,Azeredu Xaricdə Təhsil Mərkəzi,"Bakı, Əşrəf Əliyev 100",Tam-ştat,Xüsusi təhsil/ Təlim,Razılaşma ilə,09 aprel 2025,09 may 2025,https://www.hellojob.az/vakansiya/yos-uzre-riyaziyyat-ve-mentiq-muellimi,Unknown,Bakı,Unknown,Unknown,Unknown
Reception,Rəvan Əmlak,Bakı,Tam-ştat,Katibə / Resepşn,Razılaşma ilə,09 aprel 2025,09 may 2025,https://www.hellojob.az/vakansiya/reception-905071,Unknown,Bakı,Unknown,Unknown,Unknown
Daşınmaz əmlak agenti / makler,Rəvan Əmlak,Bakı,Tam-ştat,Xidmət,Razılaşma ilə,09 aprel 2025,09 may 2025,https://www.hellojob.az/vakansiya/dasinmaz-emlak-agenti-makler,Unknown,Bakı,Unknown,Unknown,Unknown
Həkim-kosmetoloq,Empire by Asthetik Lab,"Bakı, Xətai m\s Rövşən Əliyev 19",Tam-ştat,Həkim,1000 - 1500 AZN,09 aprel 2025,09 may 2025,https://www.hellojob.az/vakansiya/hekim-kosmetoloq-905069,Unknown,Bakı,1000.0,1500.0,1250.0
Kassir,Avis Apteklər Şəbəkəsi,Bakı,Tam-ştat,Digər,450 - 600 AZN,09 aprel 2025,09 may 2025,https://www.hellojob.az/vakansiya/kassir-905068,https://www.hellojob.az/resized/companies/a7bbe10d300f3f1bc9b5d022d7db6c51-120--resize.webp,Bakı,450.0,600.0,525.0
Video Montajçı Təcrübəçi,Genc Media,"Bakı, Əhməd Rəcəbli",Tam-ştat,Digər,Razılaşma ilə,09 aprel 2025,09 may 2025,https://www.hellojob.az/vakansiya/video-montajci-tecrubeci,https://www.hellojob.az/resized/companies/daadfb0b5549303a18ef70e80c7165d9-120--resize.webp,Bakı,Unknown,Unknown,Unknown
Ofis proqramları müəllimi,British Academy,"Bakı, Baki",Tam-ştat,Digər,Razılaşma ilə,09 aprel 2025,09 may 2025,https://www.hellojob.az/vakansiya/ofis-proqramlari-muellimi-905061,Unknown,Bakı,Unknown,Unknown,Unknown
Texniki dəstək bölmə müdiri,Rəqəmsal Səhiyyə Mərkəzi,Bakı,Tam-ştat,Digər,Razılaşma ilə,09 aprel 2025,09 may 2025,https://www.hellojob.az/vakansiya/texniki-destek-bolme-mudiri,Unknown,Bakı,Unknown,Unknown,Unknown
QSS Analytics Full-Time Təcrübə Proqramı,QSS Analytics,"Bakı, Aşıq Alı 2A, Nərimanov rayonu",Təcrübəçi,Proqramlaşdırma,Razılaşma ilə,09 aprel 2025,09 may 2025,https://www.hellojob.az/vakansiya/qss-analytics-full-time-tecrube-proqrami,https://www.hellojob.az/resized/companies/91ab67c71e78f8ca9c0bc95c38d29595-120--resize.webp,Bakı,Unknown,Unknown,Unknown
Marketinq mütəxəssisi,Sigma LLC,Bakı,Uzaqdan,Rəqəmsal marketinq,800 - 1100 AZN,09 aprel 2025,09 may 2025,https://www.hellojob.az/vakansiya/marketinq-mutexessisi-905057,Unknown,Bakı,800.0,1100.0,950.0
Ofisiant,Peçat Dönər,"Bakı, İçərişəhər metrosu, Axundov bağı",Tam-ştat,Ofisiant,450 AZN,08 aprel 2025,08 may 2025,https://www.hellojob.az/vakansiya/ofisiant-905056,https://www.hellojob.az/resized/companies/7FBsqmquZGTqYe3LNfS2mEgsIl1sgGgB13EjKrBS-120--resize.webp,Bakı,450.0,450.0,450.0
Serviz üzrə məsləhətçi,1 Servis,Bakı,Tam-ştat,Müxtəlif,Razılaşma ilə,08 aprel 2025,08 may 2025,https://www.hellojob.az/vakansiya/serviz-uzre-meslehetci-905055,Unknown,Bakı,Unknown,Unknown,Unknown
Otaq xidmətçisi,Holiday Inn Baku,Bakı,Tam-ştat,Xidmət,Razılaşma ilə,08 aprel 2025,08 may 2025,https://www.hellojob.az/vakansiya/otaq-xidmetcisi-905054,https://www.hellojob.az/resized/companies/6010b370aaa1dcca35d4bc6bfbe43e72-120--resize.webp,Bakı,Unknown,Unknown,Unknown
Qabyuyan,Holiday Inn Baku,Bakı,Tam-ştat,Xidmət,Razılaşma ilə,08 aprel 2025,08 may 2025,https://www.hellojob.az/vakansiya/qabyuyan,https://www.hellojob.az/resized/companies/6010b370aaa1dcca35d4bc6bfbe43e72-120--resize.webp,Bakı,Unknown,Unknown,Unknown
Ofisiant,Holiday Inn Baku,Bakı,Tam-ştat,Xidmət,Razılaşma ilə,08 aprel 2025,08 may 2025,https://www.hellojob.az/vakansiya/ofisiant-905052,https://www.hellojob.az/resized/companies/6010b370aaa1dcca35d4bc6bfbe43e72-120--resize.webp,Bakı,Unknown,Unknown,Unknown
İnsan Resursları üzrə Koordinator,Holiday Inn Baku,Bakı,Tam-ştat,İnzibati,Razılaşma ilə,08 aprel 2025,08 may 2025,https://www.hellojob.az/vakansiya/insan-resurslari-uzre-koordinator,https://www.hellojob.az/resized/companies/6010b370aaa1dcca35d4bc6bfbe43e72-120--resize.webp,Bakı,Unknown,Unknown,Unknown
İlkin təqib üzrə mütəxəssis,TAB MMC,"Bakı, Bakı şəh. Nizami ray. Qara Qarayev pr 102A",Təcrübəçi,Digər,400 AZN,08 aprel 2025,08 may 2025,https://www.hellojob.az/vakansiya/ilkin-teqib-uzre-mutexessis-905050,Unknown,Bakı,400.0,400.0,400.0
Online Satış üzrə Mütəxəssis (Mağaza daxilində işləyəcək),TELEHOME ELEKTRONİCS,"Bakı, Nizami metrosu yaxınlığı",Tam-ştat,Satış üzrə mütəxəssis,450 - 1500 AZN,08 aprel 2025,08 may 2025,https://www.hellojob.az/vakansiya/online-satis-uzre-mutexessis-magaza-daxilinde-isleyecek,https://www.hellojob.az/resized/companies/1dba5edd3e8b22498c2270da0191f7fe-120--resize.webp,Bakı,450.0,1500.0,975.0
Ekspeditor,İnci Group of Companies QSC,Bakı,Tam-ştat,Digər,600 - 1500 AZN,08 aprel 2025,08 may 2025,https://www.hellojob.az/vakansiya/ekspeditor-905048,https://www.hellojob.az/resized/companies/cb61e47dcad1861947cecd2ceb94193a-120--resize.webp,Bakı,600.0,1500.0,1050.0
Satış təmsilçisi,Bonamed,"Bakı, Bakıxanov küçəsi 18",Tam-ştat,Satış üzrə mütəxəssis,600 AZN,08 aprel 2025,08 may 2025,https://www.hellojob.az/vakansiya/satis-temsilcisi-905047,Unknown,Bakı,600.0,600.0,600.0
Əməliyyatçı-xəzinədar(Xırdalan filialı),Güvənli MMC,Xırdalan,Tam-ştat,Bank xidməti,400 AZN,08 aprel 2025,08 may 2025,https://www.hellojob.az/vakansiya/emeliyyatci-xezinedarxirdalan-filiali,https://www.hellojob.az/storage/companies/1905e2d4ad1b0d81c325e76c60893a2f.svg,Xırdalan,400.0,400.0,400.0
Əməliyyatçı-xəzinədar(Bakı filialı),Güvənli MMC,Bakı,Tam-ştat,Bank xidməti,400 AZN,08 aprel 2025,08 may 2025,https://www.hellojob.az/vakansiya/emeliyyatci-xezinedarbaki-filiali,https://www.hellojob.az/storage/companies/1905e2d4ad1b0d81c325e76c60893a2f.svg,Bakı,400.0,400.0,400.0
Təcrübəçi kredit mütəxəssisi,Güvənli MMC,Bakı,Təcrübəçi,Bank xidməti,Razılaşma ilə,08 aprel 2025,08 may 2025,https://www.hellojob.az/vakansiya/tecrubeci-kredit-mutexessisi-905046,https://www.hellojob.az/storage/companies/1905e2d4ad1b0d81c325e76c60893a2f.svg,Bakı,Unknown,Unknown,Unknown
Telesatış üzrə mütəxəssis,Bəyaz Flora,"Bakı, 28 Koroğlu Rəhimov küçəsi",Tam-ştat,Satış üzrə mütəxəssis,Razılaşma ilə,08 aprel 2025,08 may 2025,https://www.hellojob.az/vakansiya/telesatis-uzre-mutexessis-905043,Unknown,Bakı,Unknown,Unknown,Unknown
Kontent Menecer / Marketinq Mütəxəssisi,PozitivSən,Bakı,Frilans,Digər,Razılaşma ilə,27 mart 2025,26 aprel 2025,https://www.hellojob.az/vakansiya/kontent-menecer-marketinq-mutexessisi,https://www.hellojob.az/resized/companies/eMQm8zc4KZcMf3kpkEVHMUEnTY6pa1me2Ww9HVho-120--resize.webp,Bakı,Unknown,Unknown,Unknown
Anbardar,Dynamex,"Bakı, Koroglu",Tam-ştat,Anbardar,400 - 500 AZN,08 aprel 2025,08 may 2025,https://www.hellojob.az/vakansiya/anbardar-905039,https://www.hellojob.az/resized/companies/64fbd8f7b29d71e16e4bf150a53edddf-120--resize.webp,Bakı,400.0,500.0,450.0
Reklam meneceri,Nero MMC,"Bakı, Sabit Rahman 55, Office",Tam-ştat,Digər,Razılaşma ilə,08 aprel 2025,08 may 2025,https://www.hellojob.az/vakansiya/rashad-bayjan,Unknown,Bakı,Unknown,Unknown,Unknown
Mağaza satıcısı,AGROPET MMC,"Bakı, Xəzər rayonu, Mərdəkan qəs, Sergey Yesenin küç",Tam-ştat,Satış üzrə mütəxəssis,Razılaşma ilə,08 aprel 2025,08 may 2025,https://www.hellojob.az/vakansiya/magaza-saticisi-905042,Unknown,Bakı,Unknown,Unknown,Unknown
Satınalma üzrə mütəxəssis,Private Facility Management MMC,"Bakı, Ayaz İsmayılov 8_Xətai metrosu və Meqafanın yaxınlığı",Tam-ştat,Digər,1000 - 1300 AZN,07 aprel 2025,08 may 2025,https://www.hellojob.az/vakansiya/satinalma-uzre-mutexessis-905038,Unknown,Bakı,1000.0,1300.0,1150.0
Rəqəmsal (Digital) Marketinq mütəxəssisi,Azerbaijan Artificial Intelligence Lab,Bakı,Tam-ştat,Rəqəmsal marketinq,Razılaşma ilə,07 aprel 2025,07 may 2025,https://www.hellojob.az/vakansiya/reqemsal-digital-marketinq-mutexessisi,https://www.hellojob.az/resized/companies/zaXr8HfDeNyjtuSXzz5TlUrBzxgAne7O7PDtv02r-120--resize.webp,Bakı,Unknown,Unknown,Unknown
Content Manager,Azerbaijan Artificial Intelligence Lab,Bakı,Tam-ştat,Kopiraytinq,Razılaşma ilə,07 aprel 2025,07 may 2025,https://www.hellojob.az/vakansiya/content-manager,https://www.hellojob.az/resized/companies/zaXr8HfDeNyjtuSXzz5TlUrBzxgAne7O7PDtv02r-120--resize.webp,Bakı,Unknown,Unknown,Unknown
Community manager,Azerbaijan Artificial Intelligence Lab,Bakı,Tam-ştat,İctimaiyyətlə əlaqələr (PR),Razılaşma ilə,07 aprel 2025,07 may 2025,https://www.hellojob.az/vakansiya/community-manager-905035,https://www.hellojob.az/resized/companies/zaXr8HfDeNyjtuSXzz5TlUrBzxgAne7O7PDtv02r-120--resize.webp,Bakı,Unknown,Unknown,Unknown
Satış Meneceri (Ofis daxili),Məlumat Mərkəzi,"Bakı, Şamil Əzizbəyov 140",Tam-ştat,Menecer,500 AZN,07 aprel 2025,07 may 2025,https://www.hellojob.az/vakansiya/satis-meneceri-ofis-daxili,Unknown,Bakı,500.0,500.0,500.0
Satıcı,So White Bridal,"Bakı, Üzeyir Hacibeyli 37/43, Baku, Azerbaijan.",Tam-ştat,Digər,600 AZN,07 aprel 2025,07 may 2025,https://www.hellojob.az/vakansiya/satici-905033,Unknown,Bakı,600.0,600.0,600.0
Fotoqraf və videoqraf,Azena Dental Consulting,"Bakı, Əmrahlı iş mərkəzi, 116A Nasibbay Yusifbaylia",Tam-ştat,Digər,800 - 1000 AZN,07 aprel 2025,07 may 2025,https://www.hellojob.az/vakansiya/fotoqraf-ve-videoqraf-905031,https://www.hellojob.az/resized/companies/1ad583a462635273d2c1d3a72701b565-120--resize.webp,Bakı,800.0,1000.0,900.0
Satış üzrə məsləhətçi,ITALDIZAIN,Bakı,Tam-ştat,Satış üzrə mütəxəssis,650 - 720 AZN,07 aprel 2025,07 may 2025,https://www.hellojob.az/vakansiya/satis-uzre-meslehetci-905030,https://www.hellojob.az/resized/companies/f5653c9891406449cbcf85d295033dec-120--resize.webp,Bakı,650.0,720.0,685.0
Dizayner,Link Wordwide,Bakı,Tam-ştat,Marketinq menecment,1000 - 1500 AZN,07 aprel 2025,07 may 2025,https://www.hellojob.az/vakansiya/dizayner-905025,Unknown,Bakı,1000.0,1500.0,1250.0
TƏCRÜBƏLİ Tur Menecer,Rose Travel,Bakı,Tam-ştat,Turizm və mehmanxana işi,800 - 1000 AZN,07 aprel 2025,07 may 2025,https://www.hellojob.az/vakansiya/tecrubeli-tur-menecer,Unknown,Bakı,800.0,1000.0,900.0
HR / İnsan resursları Mütəxəssisi,Sigma LLC,Bakı,Uzaqdan,İnsan resursları,Razılaşma ilə,07 aprel 2025,07 may 2025,https://www.hellojob.az/vakansiya/hr-insan-resurslari-mutexessisi,Unknown,Bakı,Unknown,Unknown,Unknown
Korporativ satış üzrə Mütəxəssis,Azcosmetics MMC,"Bakı, Nəriman Nərimanov",Tam-ştat,Satış üzrə mütəxəssis,800 - 1000 AZN,07 aprel 2025,07 may 2025,https://www.hellojob.az/vakansiya/korporativ-satis-uzre-mutexessis-905022,https://www.hellojob.az/resized/companies/fc8fbb092b9303fddb01c59bc6965cb0-120--resize.webp,Bakı,800.0,1000.0,900.0
Satış mütəxəssisi,ELECTROCOMP MMC,"Bakı, Bülbül pr 58H",Tam-ştat,Digər,500 AZN,07 aprel 2025,07 may 2025,https://www.hellojob.az/vakansiya/satis-mutexessisi-905023,Unknown,Bakı,500.0,500.0,500.0
Satış mütəxəssisi,Wraym,"Bakı, N.Nərimanov ray, Əliyar Əliyev küç. 206 (Azinko yaşayış kompleksinin yanı, N.Nərimanov metrosu yaxınlığı)",Tam-ştat,Satış üzrə mütəxəssis,700 - 1500 AZN,31 mart 2025,30 aprel 2025,https://www.hellojob.az/vakansiya/satis-mutexessisi-904963,https://www.hellojob.az/resized/companies/c6aef7ad7fd65e93e947028bdc3f04ac-120--resize.webp,Bakı,700.0,1500.0,1100.0
Arxiv işi üzrə mütəxəssis,Global Group MMC,"Bakı, Gənclik",Tam-ştat,Digər,600 AZN,05 aprel 2025,06 may 2025,https://www.hellojob.az/vakansiya/arxiv-isi-uzre-mutexessis-905009,Unknown,Bakı,600.0,600.0,600.0
English Teacher,Hiss Academy,"Bakı, Sabunçu,Yeni Ramana",Tam-ştat,Məktəb tədrisi,Razılaşma ilə,05 aprel 2025,06 may 2025,https://www.hellojob.az/vakansiya/english-teacher-905010,Unknown,Bakı,Unknown,Unknown,Unknown
Satiş üzrə agent ( Promouter ),My Tour Baku,"Bakı, Kichik Gala 82",Tam-ştat,Turizm və mehmanxana işi,400 - 1400 AZN,06 aprel 2025,06 may 2025,https://www.hellojob.az/vakansiya/satis-uzre-agent-promouter,https://www.hellojob.az/resized/companies/0be2bdb177ecd4c72549fc1c5a82e909-120--resize.webp,Bakı,400.0,1400.0,900.0
Satış məsləhətçisi,iCare+,"Bakı, koroglu metro cixisi Haydar Aliyev pr 172 Bravo hipermarketin daxili",Tam-ştat,Satış üzrə mütəxəssis,400 - 700 AZN,06 aprel 2025,06 may 2025,https://www.hellojob.az/vakansiya/satis-meslehetcisi-905015,Unknown,Bakı,400.0,700.0,550.0
Satış məsləhətçisi,Stimul Work Center,Bakı,Tam-ştat,Satış üzrə mütəxəssis,700 - 1000 AZN,05 aprel 2025,06 may 2025,https://www.hellojob.az/vakansiya/satis-meslehetcisi-905008,https://www.hellojob.az/resized/companies/8f4207b61a1d60b4843683f2fcc4ce0c-120--resize.webp,Bakı,700.0,1000.0,850.0
Xüsusi müştərilər üzrə mütəxəssis,Sığortalı.az,"Bakı, Badamdar şossesi 42",Tam-ştat,Sığorta,500 - 600 AZN,05 aprel 2025,05 may 2025,https://www.hellojob.az/vakansiya/xususi-musteriler-uzre-mutexessis,https://www.hellojob.az/resized/companies/1bae41759327df71f0b24095598f916f-120--resize.webp,Bakı,500.0,600.0,550.0
Direktor köməkçisi,İdeal Kredit,Bakı,Tam-ştat,Ofis menecmenti,Razılaşma ilə,04 aprel 2025,04 may 2025,https://www.hellojob.az/vakansiya/direktor-komekcisi-905006,Unknown,Bakı,Unknown,Unknown,Unknown
Anbardar,Ecarparts.az,"Bakı, Məhəmməd Xiyabani 192 G",Tam-ştat,Anbardar,500 AZN,04 aprel 2025,04 may 2025,https://www.hellojob.az/vakansiya/anbardar-905005,Unknown,Bakı,500.0,500.0,500.0
Aparıcı mütəxəssis,TAB MMC,"Bakı, Bakı şəh. Nizami ray. Qara Qarayev pr. 102 A",Tam-ştat,Mühasibat,500 - 600 AZN,04 aprel 2025,04 may 2025,https://www.hellojob.az/vakansiya/aparici-mutexessis-905003,Unknown,Bakı,500.0,600.0,550.0
Köməkçi Müəllim,ChildnLife,Bakı,Tam-ştat,Təhsil və elm,Razılaşma ilə,04 aprel 2025,04 may 2025,https://www.hellojob.az/vakansiya/komekci-muellim,Unknown,Bakı,Unknown,Unknown,Unknown
Kosmetoloq,Ayru Estetik Mərkəzi,Bakı,Tam-ştat,Xidmət,500 - 1000 AZN,04 aprel 2025,04 may 2025,https://www.hellojob.az/vakansiya/kosmetoloq,Unknown,Bakı,500.0,1000.0,750.0
Ofisiant,MOC roastery,Bakı,Tam-ştat,Ofisiant,700 AZN,04 aprel 2025,04 may 2025,https://www.hellojob.az/vakansiya/ferid-ceferov,Unknown,Bakı,700.0,700.0,700.0
Sosial Media Marketinq (SMM) mütəxəssisi,Xırdalan Tədris Mərkəzi,"Xırdalan, Mehdi Hüseynzadə 31A",Tam-ştat,Digər,Razılaşma ilə,04 aprel 2025,04 may 2025,https://www.hellojob.az/vakansiya/sosial-media-marketinq-smm-mutexessisi-904995,https://www.hellojob.az/assets/images/blank-image.svg,Xırdalan,Unknown,Unknown,Unknown
Call-center operator,VEN GROUP MMC,"Bakı, Rəşid Bağırov 33",Tam-ştat,Operator,400 - 800 AZN,04 aprel 2025,04 may 2025,https://www.hellojob.az/vakansiya/call-center-operator-904996,Unknown,Bakı,400.0,800.0,600.0
Daxili nəzarət üzrə mütəxəssis,Berg Energy MMC,"Bakı, Sulutəpə",Tam-ştat,Digər,600 AZN,04 aprel 2025,04 may 2025,https://www.hellojob.az/vakansiya/daxili-nezaret-uzre-mutexessis-904994,Unknown,Bakı,600.0,600.0,600.0
Diş texniki,Digital Diagnostics World,"Bakı, Nərimanov rayonu",Tam-ştat,Digər,Razılaşma ilə,04 aprel 2025,04 may 2025,https://www.hellojob.az/vakansiya/cinara-qasimova,Unknown,Bakı,Unknown,Unknown,Unknown
Mal qəbulçusu,Melissa Store,"Bakı, 20 yanvar mts yaxınlığı, Hesen Bey Zərdabi 92A (Melissa store)",Tam-ştat,Digər,600 - 650 AZN,03 aprel 2025,03 may 2025,https://www.hellojob.az/vakansiya/mal-qebulcusu-904992,Unknown,Bakı,600.0,650.0,625.0
Qeydiyyatçı,EDUGrata Təhsil Mərkəzi,Bakı,Tam-ştat,Xüsusi təhsil/ Təlim,Razılaşma ilə,03 aprel 2025,03 may 2025,https://www.hellojob.az/vakansiya/qeydiyyatci-904991,https://www.hellojob.az/resized/companies/7986870344ee9df117a7f1606eb48760-120--resize.webp,Bakı,Unknown,Unknown,Unknown
Avropada Təhsil üzrə mütəxəssis,Edumax,Bakı,Tam-ştat,Təhsil və elm,Razılaşma ilə,03 aprel 2025,03 may 2025,https://www.hellojob.az/vakansiya/tehsil-meneceri-904990,https://www.hellojob.az/resized/companies/a9a5f72308f4c46938c0ce45d1c8cfab-120--resize.webp,Bakı,Unknown,Unknown,Unknown
Rus dili müəllimi,Wisest Academy,"Bakı, Nərimanov",Tam-ştat,Digər,500 - 600 AZN,03 aprel 2025,03 may 2025,https://www.hellojob.az/vakansiya/rus-dili-muellimi-904989,Unknown,Bakı,500.0,600.0,550.0
Müştəri xidmətləri üzrə mütəxəssis,Kargolux,"Bakı, Nərimanov rayonu",Tam-ştat,Operator,500 - 600 AZN,03 aprel 2025,03 may 2025,https://www.hellojob.az/vakansiya/musteri-xidmetleri-uzre-mutexessis-904988,https://www.hellojob.az/resized/companies/3bd2edef016b1bfd8bbac5f1582ab4a7-120--resize.webp,Bakı,500.0,600.0,550.0
Senior Product Owner,Afea Group,Bakı,Tam-ştat,Digər,Razılaşma ilə,03 aprel 2025,03 may 2025,https://www.hellojob.az/vakansiya/senior-product-owner,https://www.hellojob.az/resized/companies/c03ef9673cb34ec0fba1e042360637e4-120--resize.webp,Bakı,Unknown,Unknown,Unknown
Lizinq mütəxəssisi,İdeal Kredit,Bakı,Tam-ştat,Kredit mütəxəssisi,Razılaşma ilə,03 aprel 2025,03 may 2025,https://www.hellojob.az/vakansiya/lizinq-mutexessisi-904986,Unknown,Bakı,Unknown,Unknown,Unknown
Sushimen,Buddha Sushi,"Bakı, Nizami küç.182e",Tam-ştat,Restoran işi,Razılaşma ilə,02 aprel 2025,02 may 2025,https://www.hellojob.az/vakansiya/sushimen,Unknown,Bakı,Unknown,Unknown,Unknown
Ofisiant,The Attack,"Bakı, Neftçilər prospekti 153",Tam-ştat,Ofisiant,600 AZN,02 aprel 2025,02 may 2025,https://www.hellojob.az/vakansiya/ofisiant-904983,Unknown,Bakı,600.0,600.0,600.0
Kuryer,Şeh Group MMC,"Bakı, Bakı Şəhəri Kənd Əhmədli",Tam-ştat,Digər,650 AZN,02 aprel 2025,02 may 2025,https://www.hellojob.az/vakansiya/kuryer,Unknown,Bakı,650.0,650.0,650.0
Təmizlikçi,ŞEH MMC,"Bakı, Bakı şəhəri",Tam-ştat,Digər,550 AZN,02 aprel 2025,02 may 2025,https://www.hellojob.az/vakansiya/temizlikci-904985,Unknown,Bakı,550.0,550.0,550.0
Qızıl girovlu kreditlər üzrə Mütəxəssis,İdeal Kredit,Bakı,Tam-ştat,Kredit mütəxəssisi,Razılaşma ilə,02 aprel 2025,02 may 2025,https://www.hellojob.az/vakansiya/qizil-girovlu-kreditler-uzre-mutexessis,Unknown,Bakı,Unknown,Unknown,Unknown
Qeydiyyatçı,1st Fitness MMC,"Bakı, 28 may,Vurgun Residence",Tam-ştat,Katibə / Resepşn,500 AZN,02 aprel 2025,02 may 2025,https://www.hellojob.az/vakansiya/qeydiyyatci-904980,https://www.hellojob.az/resized/companies/c38b2ebc2ca4c71cc1c72058a9c8476f-120--resize.webp,Bakı,500.0,500.0,500.0
Avtomobil Brend Menecer,INEX MEDİCAL,"Bakı, Çapayev",Tam-ştat,Menecer,800 AZN,02 aprel 2025,02 may 2025,https://www.hellojob.az/vakansiya/avtomobil-brend-menecer,Unknown,Bakı,800.0,800.0,800.0
Qeydiyyatçı,Lombard (kredit təskilatı),"Bakı, Xirdalan və Binəqədi",Tam-ştat,Bank xidməti,500 - 800 AZN,02 aprel 2025,02 may 2025,https://www.hellojob.az/vakansiya/qeydiyyatci-904977,Unknown,Bakı,500.0,800.0,650.0
Satış mütəxəssisi,Nero MMC,"Bakı, Sabit Rahman 55, Office",Tam-ştat,Digər,500 AZN,02 aprel 2025,02 may 2025,https://www.hellojob.az/vakansiya/satis-mutexessisi-904978,Unknown,Bakı,500.0,500.0,500.0
Mühasib,Cənnət Bağı Şirkətlər Qrupu,Mingəçevir,Tam-ştat,Maliyyə,1000 AZN,01 aprel 2025,01 may 2025,https://www.hellojob.az/vakansiya/muhasib-904976,https://www.hellojob.az/resized/companies/12e97abef783d2c69e58f9e038416309-120--resize.webp,Mingəçevir,1000.0,1000.0,1000.0
Satış üzrə agent,Hissə Hissə Avto MMC,"Bakı, Arena Plaza, H.Əliyev prospekti 115",Frilans,Digər,Razılaşma ilə,01 aprel 2025,01 may 2025,https://www.hellojob.az/vakansiya/satis-uzre-agent-904974,https://www.hellojob.az/resized/companies/7d1d6deac2db65b7f9c753dc968206c7-120--resize.webp,Bakı,Unknown,Unknown,Unknown
Satış təmsilçisi,Azerbaijan Travel Company,"Bakı, İçərişəhər",Yarım-ştat,Turizm və mehmanxana işi,400 - 1000 AZN,01 aprel 2025,01 may 2025,https://www.hellojob.az/vakansiya/satis-temsilcisi-904975,https://www.hellojob.az/resized/companies/dc06f92dd46f1aeed8a518bec026d725-120--resize.webp,Bakı,400.0,1000.0,700.0
Satış üzrə mütəxəssis,Atəşgah Sığorta Şirkəti,"Bakı, Səbail rayonu, Vəli Məmmədov küçəsi 16",Təcrübəçi,Satış üzrə mütəxəssis,Razılaşma ilə,01 aprel 2025,01 may 2025,https://www.hellojob.az/vakansiya/seymur-bagirov,https://www.hellojob.az/resized/companies/NaPrnN4XiLzagd3vQXW302Yf3coPuynQMP2h2UGq-120--resize.webp,Bakı,Unknown,Unknown,Unknown
Logistika üzrə mütəxəssis,Art House Emiliana,"Bakı, Xətai Prospekti 59",Tam-ştat,Logistika,700 AZN,01 aprel 2025,01 may 2025,https://www.hellojob.az/vakansiya/logistika-uzre-mutexessis-904973,Unknown,Bakı,700.0,700.0,700.0
1C operator,Alliance Tax and Finance,"Bakı, Ünvan: Nərimanov r-nu, Həsənoğlu Küçəsi 4 (Heydər Əliyev Mərkəzinin yanı)",Tam-ştat,Mühasibat,500 - 900 AZN,01 aprel 2025,01 may 2025,https://www.hellojob.az/vakansiya/1c-operator,Unknown,Bakı,500.0,900.0,700.0
Satıcı,Angel kids,"Bakı, Həzi aslanov mts Viva city ticarət mərkəzi",Tam-ştat,Satış üzrə mütəxəssis,400 AZN,01 aprel 2025,01 may 2025,https://www.hellojob.az/vakansiya/satici-904966,Unknown,Bakı,400.0,400.0,400.0
İnsan resursları üzrə baş mütəxəssis,AMOGROUP,Bakı,Tam-ştat,İnsan resursları,1200 AZN,01 aprel 2025,01 may 2025,https://www.hellojob.az/vakansiya/insan-resurslari-uzre-bas-mutexessis-904968,Unknown,Bakı,1200.0,1200.0,1200.0
Customer Service Representative,Positive Call Center,"Bakı, 203 Nizami St, Baku",Tam-ştat,Operator,Razılaşma ilə,01 aprel 2025,01 may 2025,https://www.hellojob.az/vakansiya/customer-service-representative-904970,https://www.hellojob.az/resized/companies/eFRuRRYIGublalBpxPPz0rO97uLV7HpraODNmLMu-120--resize.webp,Bakı,Unknown,Unknown,Unknown
İngilis dili müəllimi,İnk academy,"Bakı, Şamil Əzizbəyov 88A",Tam-ştat,Xüsusi təhsil/ Təlim,800 - 1000 AZN,01 aprel 2025,01 may 2025,https://www.hellojob.az/vakansiya/ingilis-dili-muellimi-904967,https://www.hellojob.az/resized/120/-/resize/companies/9749300134fedf8d7ea6f5eef246ed0c/az/uploads/stores/2023/10/27/ink-academy-store-653b623714adf-66832c22a53b557c5185876be2caaffb,Bakı,800.0,1000.0,900.0
Baxça müəlliməsi Rus bölməsi,Bizimdovr Academy,"Bakı, Gənclik.m.Məmməd Araz.k",Tam-ştat,Digər,400 - 600 AZN,31 mart 2025,30 aprel 2025,https://www.hellojob.az/vakansiya/baxca-muellimesi-rus-bolmesi,Unknown,Bakı,400.0,600.0,500.0
Satış təmsilçisi,Emiliana Parati,"Bakı, xətai pr 142",Tam-ştat,Satış üzrə mütəxəssis,500 AZN,31 mart 2025,30 aprel 2025,https://www.hellojob.az/vakansiya/satis-temsilcisi-904964,Unknown,Bakı,500.0,500.0,500.0
Paketçi,Home Food MMC,Bakı,Tam-ştat,Xidmət,550 AZN,31 mart 2025,30 aprel 2025,https://www.hellojob.az/vakansiya/paketci,Unknown,Bakı,550.0,550.0,550.0
Fərdi Müştərilərə Dəstək üzrə Mütəxəssis,Asthetik Lab kosmetoloji klinika,"Bakı, Ровшан Алиев 19",Tam-ştat,Digər,800 - 1500 AZN,31 mart 2025,30 aprel 2025,https://www.hellojob.az/vakansiya/ferdi-musterilere-destek-uzre-mutexessis-904959,https://www.hellojob.az/resized/companies/d33317bc0bed89e58ff0b135c2519a84-120--resize.webp,Bakı,800.0,1500.0,1150.0
Hostess (XANIM),101 Restaurant,"Bakı, Elmlər(m.s)",Tam-ştat,Restoran işi,700 AZN,31 mart 2025,30 aprel 2025,https://www.hellojob.az/vakansiya/hostess-xanim,Unknown,Bakı,700.0,700.0,700.0
Satış Meneceri,Okean Avtosalon,"Bakı, Babək pr. 21",Tam-ştat,Satış üzrə mütəxəssis,900 - 1200 AZN,30 mart 2025,29 aprel 2025,https://www.hellojob.az/vakansiya/satis-meneceri-904956,https://www.hellojob.az/resized/companies/d08e073079f3f4a68713595308cc9d56-120--resize.webp,Bakı,900.0,1200.0,1050.0
Quraşdırıcı texnik mebel üzrə (Göyçay-Şəki),Kontakt Home,Göyçay,Tam-ştat,Xidmət,Razılaşma ilə,29 mart 2025,28 aprel 2025,https://www.hellojob.az/vakansiya/qurasdirici-texnik-mebel-uzre-goycay-seki-904955,https://www.hellojob.az/resized/companies/9e8f6fe23d7c770e0e4131ec5a9a48eb-120--resize.webp,Göyçay,Unknown,Unknown,Unknown
Quraşdırıcı texnik (mebel üzrə),Kontakt Home,Bakı,Tam-ştat,Xidmət,Razılaşma ilə,29 mart 2025,28 aprel 2025,https://www.hellojob.az/vakansiya/qurasdirici-texnik-mebel-uzre-904954,https://www.hellojob.az/resized/companies/9e8f6fe23d7c770e0e4131ec5a9a48eb-120--resize.webp,Bakı,Unknown,Unknown,Unknown
Mebel ustası (Naxçıvan),Kontakt Home,Naxçıvan,Tam-ştat,Xidmət,Razılaşma ilə,29 mart 2025,28 aprel 2025,https://www.hellojob.az/vakansiya/mebel-ustasi-naxcivan-904953,https://www.hellojob.az/resized/companies/9e8f6fe23d7c770e0e4131ec5a9a48eb-120--resize.webp,Naxçıvan,Unknown,Unknown,Unknown
Onlayn Kreditor (Gəncə),Kontakt Home,Gəncə,Tam-ştat,Kredit mütəxəssisi,Razılaşma ilə,29 mart 2025,28 aprel 2025,https://www.hellojob.az/vakansiya/onlayn-kreditor-gence-904952,https://www.hellojob.az/resized/companies/9e8f6fe23d7c770e0e4131ec5a9a48eb-120--resize.webp,Gəncə,Unknown,Unknown,Unknown
Biznes-analitik,Kontakt Home,Bakı,Tam-ştat,Texnologiya,Razılaşma ilə,29 mart 2025,28 aprel 2025,https://www.hellojob.az/vakansiya/biznes-analitik-904950,https://www.hellojob.az/resized/companies/9e8f6fe23d7c770e0e4131ec5a9a48eb-120--resize.webp,Bakı,Unknown,Unknown,Unknown
